folder,ticker,date,sentence_idx,text,stock_return,label
20150423_MSFT,MSFT,2015-04-23,0,"First of all, I don't think of the comparison between Azure and AWS is the true north for me.",0.1045223811723755,positive
20150423_MSFT,MSFT,2015-04-23,1,"I think about the Microsoft cloud, because even the way we do capital, the way we measure utilization, is all with the complete unit, which is, of course, all of Office 365 runs on Azure.",0.1045223811723755,positive
20150423_MSFT,MSFT,2015-04-23,2,"Azure AD powers all of our cloud, so it's really its entirety that we think of as our unique value.",0.1045223811723755,positive
20150423_MSFT,MSFT,2015-04-23,3,"That means we have SaaS, which is a huge component between 365 and dynamics, PaaS which is a huge component of Azure itself.",0.1045223811723755,positive
20150423_MSFT,MSFT,2015-04-23,4,We see many customers who use our PaaS services and even AWS.,0.1045223811723755,positive
20150423_MSFT,MSFT,2015-04-23,5,"For example, you can in fact do a single sign-on using EMS and Azure AD in Azure and use your resources on AWS.",0.1045223811723755,positive
20150423_MSFT,MSFT,2015-04-23,6,"Then, of course, we have our IaaS business.",0.1045223811723755,positive
20150423_MSFT,MSFT,2015-04-23,7,Then it is reflected even in our margins.,0.1045223811723755,positive
20150423_MSFT,MSFT,2015-04-23,8,"We look at the cloud margins, they will have revenue quality which is very different that is a combination of PaaS, IaaS, and SaaS, and that's how we want to make sure we make progress, because that is where both product value which is unique to us, and also the quality of revenue that is unique to us.",0.1045223811723755,positive
20150423_MSFT,MSFT,2015-04-23,9,But one other thing -- my worldview is not that all compute storage networks just go to one place.,0.1045223811723755,positive
20150423_MSFT,MSFT,2015-04-23,10,"That's why I think about servers as the edge of the cloud and as I said there's a huge software asset in there, which is becoming increasingly competitive.",0.1045223811723755,positive
20150423_MSFT,MSFT,2015-04-23,11,"Of course, we don't count that in our run rate, when we talk about the $6 billion-plus run rate, that's pure public cloud number and that's fantastic to see and we want to measure it that way.",0.1045223811723755,positive
20150423_MSFT,MSFT,2015-04-23,12,"But, quite frankly if you looked at what is broadly happening in the cloud transition, we are participating in both the private hybrid cloud as well as the public cloud.",0.1045223811723755,positive
20150423_MSFT,MSFT,2015-04-23,13,We will continue to talk generally about it.,0.1045223811723755,positive
20150423_MSFT,MSFT,2015-04-23,14,I don't expect to get a specific guidance on FY16 next week.,0.1045223811723755,positive
20150423_MSFT,MSFT,2015-04-23,15,"I think as far as the low-cost devices, it's pretty broad, I think.",0.1045223811723755,positive
20150423_MSFT,MSFT,2015-04-23,16,"We think of the US itself being, in fact, a big driver of some of the growth on the consumer side.",0.1045223811723755,positive
20150423_MSFT,MSFT,2015-04-23,17,We're also obviously stimulated there so we can be much more effective even in the educational markets worldwide.,0.1045223811723755,positive
20150423_MSFT,MSFT,2015-04-23,18,"And <UNK> can add to that, if we have any more detail on it.",0.1045223811723755,positive
20150423_MSFT,MSFT,2015-04-23,19,"When it comes to our commercial licensing and servers, it's the same trend, <UNK>, which is the big shift that's happening is our enterprise and data center products being Windows Servers, System Center, SQL Server are more competitive.",0.1045223811723755,positive
20150423_MSFT,MSFT,2015-04-23,20,It's the same thing I would say at least in the last couple of years clearly have played out.,0.1045223811723755,positive
20150423_MSFT,MSFT,2015-04-23,21,"There's clearly -- in fact, as our products are becoming competitive there has been a mix shift.",0.1045223811723755,positive
20150423_MSFT,MSFT,2015-04-23,22,"People have bought from us previously just standard editions, are able to now look at our enterprise editions, and that is what is playing out.",0.1045223811723755,positive
20150423_MSFT,MSFT,2015-04-23,23,"There's definitely some pricing action we were able to take, mostly because we were able to deliver the incremental value.",0.1045223811723755,positive
20150423_MSFT,MSFT,2015-04-23,24,"Even with all the pricing action we took, we from a total cost of ownership or just raw pricing perspective, are very competitive versus what is available in the market.",0.1045223811723755,positive
20150423_MSFT,MSFT,2015-04-23,25,"So these cycles, some of the pricing actions were anniversary out, but the overall thing that I'm focused on is how can we continue to run our software asset ourselves in public cloud and translate that into our servers and really paint this vision and make it a reality of hybrid computing and drive the secular growth of that.",0.1045223811723755,positive
20150423_MSFT,MSFT,2015-04-23,26,"In fact, one of the big changes that has happened I would say in the last couple of years, and I will have <UNK> even detail out, is the way that we are going about everything from the very long lead things like actual data center locations and buildouts to the procurement of individual machines and essentially the work in progress inventory of that.",0.1045223811723755,positive
20150423_MSFT,MSFT,2015-04-23,27,We have driven significant process improvement to essentially make it as efficient as one can make it and that is a continuous process for us.,0.1045223811723755,positive
20150423_MSFT,MSFT,2015-04-23,28,"So, when I think about even the capital allocation per quarter, we carefully look at what is our current utilization forecast and what our demand forecast is.",0.1045223811723755,positive
20150423_MSFT,MSFT,2015-04-23,29,And we now have the ability to be much more dynamic.,0.1045223811723755,positive
20150423_MSFT,MSFT,2015-04-23,30,"Surely, there are some things which are long lead, like data center locations but you don't need to build out data centers much before they are really being utilized.",0.1045223811723755,positive
20150423_MSFT,MSFT,2015-04-23,31,"So we have a very good process and that is a place where quite frankly a lot of the proprietary advantage of someone who is an at scale public cloud provider, not just with one application, and this is where the huge distinction is.",0.1045223811723755,positive
20150423_MSFT,MSFT,2015-04-23,32,"After all, we did run large scale consumer services ourselves, between Xbox LIVE and Bing, but the business of supporting a highly geo-distributed enterprise cloud business is very different than just running in one mass scale public cloud service and we've learned a lot with what is our workload diversity as well as our geodiversity, and our supply chain management is optimized for it.",0.1045223811723755,positive
20150423_MSFT,MSFT,2015-04-23,33,"I would add, <UNK>, this is a place as <UNK> just said, we have made a lot of progress in being data driven and this is down to a monthly review, by workload, by property, by geo.",0.1045223811723755,positive
20150423_MSFT,MSFT,2015-04-23,34,"This is a place where I feel that we are in a terrific position, frankly, to respond to data sovereignty demands, changes politically, and our ability to execute that to provide what our customers demand, in terms of security and manageability and location.",0.1045223811723755,positive
20150423_MSFT,MSFT,2015-04-23,35,This is something that we care a lot about.,0.1045223811723755,positive
20150721_AAPL,AAPL,2015-07-21,0,We look at it a bit differently than you do.,-0.042294455066875715,negative
20150721_AAPL,AAPL,2015-07-21,1,"We look at it as our job is to grow our products, regardless of the price, which means that we need to convince, in some cases, people to move from one price band to the other.",-0.042294455066875715,negative
20150721_AAPL,AAPL,2015-07-21,2,"And, that we think that if we do a great job with the product that people will be willing to spend more because they get so much more out of it.",-0.042294455066875715,negative
20150721_AAPL,AAPL,2015-07-21,3,I think you can look at the results on the iPhone and see that in action.,-0.042294455066875715,negative
20150721_AAPL,AAPL,2015-07-21,4,Emerging markets are growing 65%.,-0.042294455066875715,negative
20150721_AAPL,AAPL,2015-07-21,5,"These numbers are unbelievable, and they are done in an environment where it's not the best of conditions.",-0.042294455066875715,negative
20150721_AAPL,AAPL,2015-07-21,6,"We don't do the [MBA] analysis of there's only X people buying in a price band, and therefore, we can only get X minus Y percent.",-0.042294455066875715,negative
20150721_AAPL,AAPL,2015-07-21,7,That's not the way we have ever looked at it.,-0.042294455066875715,negative
20150721_AAPL,AAPL,2015-07-21,8,"If we did, we wouldn't be shipping any products.",-0.042294455066875715,negative
20150721_AAPL,AAPL,2015-07-21,9,"I think there's no doubt; if you look at it, we are expanding the market size in those areas.",-0.042294455066875715,negative
20150721_AAPL,AAPL,2015-07-21,10,"It's also true that there's some people that are switching from comparable price points to the iPhone, and that's great, too.",-0.042294455066875715,negative
20150721_AAPL,AAPL,2015-07-21,11,"But, I think the answer is that both of those things are happening and it is key that we do both, not just one.",-0.042294455066875715,negative
20150721_AAPL,AAPL,2015-07-21,12,"86% also seems low to me, but I was quoting a third-party source and not our own data.",-0.042294455066875715,negative
20150721_AAPL,AAPL,2015-07-21,13,"Our own data would look better than that, but the numbers are only comparable if I quote the third-party source for both, and so that's what I'm doing.",-0.042294455066875715,negative
20150721_AAPL,AAPL,2015-07-21,14,"On the upgrade cycle, what we are seeing; it's not remarkably different.",-0.042294455066875715,negative
20150721_AAPL,AAPL,2015-07-21,15,"However, there's a number of plans that people begin signing up for in the last year that could change it.",-0.042294455066875715,negative
20150721_AAPL,AAPL,2015-07-21,16,These are upgrade-any-time kind of plans.,-0.042294455066875715,negative
20150721_AAPL,AAPL,2015-07-21,17,They may be one-year leases that could actually help the upgrade rate.,-0.042294455066875715,negative
20150721_AAPL,AAPL,2015-07-21,18,I think it will be interesting to see how that plays out over the next horizon.,-0.042294455066875715,negative
20150721_AAPL,AAPL,2015-07-21,19,"But, generally speaking, I see positive vectors there, not negative.",-0.042294455066875715,negative
20150721_AAPL,AAPL,2015-07-21,20,"Well, we think the -- <UNK>, it's <UNK>.",-0.042294455066875715,negative
20150721_AAPL,AAPL,2015-07-21,21,"We think the phone has a lot of legs to it; many, many, many years.",-0.042294455066875715,negative
20150721_AAPL,AAPL,2015-07-21,22,There's tons of innovation left at the phone.,-0.042294455066875715,negative
20150721_AAPL,AAPL,2015-07-21,23,"I think we are in the early innings of it, not in the late innings.",-0.042294455066875715,negative
20150721_AAPL,AAPL,2015-07-21,24,"And I think the market rate of growth over the long haul will also be impressive, and so I think there will be multiple winners here.",-0.042294455066875715,negative
20150721_AAPL,AAPL,2015-07-21,25,"In terms of the other things that we're doing, we have some great capability and great teams in Apple, and so we can do more than one thing.",-0.042294455066875715,negative
20150721_AAPL,AAPL,2015-07-21,26,"And so, we have other things that we're working on as well.",-0.042294455066875715,negative
20150721_AAPL,AAPL,2015-07-21,27,"But at the aggregate level we still remain very focused, because if you look at our size versus the number of projects we have going, it's much smaller compared to most.",-0.042294455066875715,negative
20150721_AAPL,AAPL,2015-07-21,28,"But, that's how we do things, and that's how we get the level of quality that we want out of each one of those.",-0.042294455066875715,negative
20150721_AAPL,AAPL,2015-07-21,29,"And so, the other things that you named, whether it be Apple Music or Apple Pay, both of these are very important to us.",-0.042294455066875715,negative
20150721_AAPL,AAPL,2015-07-21,30,And things that you didn't mention: the Mac continues to perform very well.,-0.042294455066875715,negative
20150721_AAPL,AAPL,2015-07-21,31,"We've gotten -- with iOS 9, there is some incredible productivity enhancements coming in with split view and slide over and picture-in-picture.",-0.042294455066875715,negative
20150721_AAPL,AAPL,2015-07-21,32,These things are incredible features.,-0.042294455066875715,negative
20150721_AAPL,AAPL,2015-07-21,33,"The enterprise business is clearly picking up, and more and more companies are either contracting for or writing apps themselves.",-0.042294455066875715,negative
20150721_AAPL,AAPL,2015-07-21,34,"And, I believe that the iPad consumer upgrade cycle will eventually occur, because as we look at the usage statistics on iPad, it remains unbelievably great.",-0.042294455066875715,negative
20150721_AAPL,AAPL,2015-07-21,35,"The next closest usage of the next competitor, we are 6 times greater.",-0.042294455066875715,negative
20150721_AAPL,AAPL,2015-07-21,36,"And so, these are extraordinary numbers.",-0.042294455066875715,negative
20150721_AAPL,AAPL,2015-07-21,37,It's not like people have forgotten iPad or anything.,-0.042294455066875715,negative
20150721_AAPL,AAPL,2015-07-21,38,"And as I look geographically, where we have been doing really good in the emerging markets, our share is still not high in any of them and so there is a lot of headroom there as well, as there is in most developed markets as well.",-0.042294455066875715,negative
20150721_AAPL,AAPL,2015-07-21,39,"And so, I look around and I see opportunity left and right.",-0.042294455066875715,negative
20150721_AAPL,AAPL,2015-07-21,40,We remain extremely bullish on China and we're continuing to invest.,-0.042294455066875715,negative
20150721_AAPL,AAPL,2015-07-21,41,Nothing that's happened has changed our fundamental view that China will be Apple's largest market at some point in the future.,-0.042294455066875715,negative
20150721_AAPL,AAPL,2015-07-21,42,"It's true, as you point out, that the equity markets have been -- have recently been volatile.",-0.042294455066875715,negative
20150721_AAPL,AAPL,2015-07-21,43,This could create some speed bumps in the near term.,-0.042294455066875715,negative
20150721_AAPL,AAPL,2015-07-21,44,"But to put it in context, which I think is important, despite that volatility in the Chinese market, they're still up 90% over the last year and they're up 20% year to date.",-0.042294455066875715,negative
20150721_AAPL,AAPL,2015-07-21,45,And so these kind of numbers are numbers I think all of us would love.,-0.042294455066875715,negative
20150721_AAPL,AAPL,2015-07-21,46,"Also, the stock market participation among Chinese household is fairly narrow and the stock ownership is very concentrated in a few people who put what appears to be a smaller portion of their wealth in the market than we buy.",-0.042294455066875715,negative
20150721_AAPL,AAPL,2015-07-21,47,"And so I think, generally, this has been -- or at least as we see it, maybe it's not true for other businesses -- that this worry is probably overstated.",-0.042294455066875715,negative
20150721_AAPL,AAPL,2015-07-21,48,So we're not changing anything.,-0.042294455066875715,negative
20150721_AAPL,AAPL,2015-07-21,49,We have our pedal to the metal on getting to 40 stores mid next year.,-0.042294455066875715,negative
20150721_AAPL,AAPL,2015-07-21,50,"As we had talked about before, we are continuing to expand the indirect channel as well.",-0.042294455066875715,negative
20150721_AAPL,AAPL,2015-07-21,51,"As you point out, and I think this is a major point that many people miss, the LTE penetration in China is only at 12%.",-0.042294455066875715,negative
20150721_AAPL,AAPL,2015-07-21,52,"China doesn't possess the level of fiber that some other countries do, and so in order to get great video performance, et cetera, raising that penetration is really great.",-0.042294455066875715,negative
20150721_AAPL,AAPL,2015-07-21,53,I think that really plays to an incredible smart phone future there.,-0.042294455066875715,negative
20150721_AAPL,AAPL,2015-07-21,54,"Also, and I can't underestimate -- I can't overstate this: the rise of the middle-class there is continuing and it is transforming China.",-0.042294455066875715,negative
20150721_AAPL,AAPL,2015-07-21,55,"I saw a recent study from McKinsey that's projecting the upper middle class to grow from 14% to 54% of households over the 10-year period from 2012 to 2022, so we are within that period at this moment.",-0.042294455066875715,negative
20150721_AAPL,AAPL,2015-07-21,56,And you can see -- for all of us that travel there so much -- with every trip you can see this occurring.,-0.042294455066875715,negative
20150721_AAPL,AAPL,2015-07-21,57,And so I think we would be foolish to change our plans.,-0.042294455066875715,negative
20150721_AAPL,AAPL,2015-07-21,58,"I think China is a fantastic geography with an incredible, unprecedented level of opportunity there and we're going to be there.",-0.042294455066875715,negative
20150721_AAPL,AAPL,2015-07-21,59,I'm very familiar with the ads.,-0.042294455066875715,negative
20150721_AAPL,AAPL,2015-07-21,60,"In certain geographies, the way that we win is to get switchers.",-0.042294455066875715,negative
20150721_AAPL,AAPL,2015-07-21,61,"In other geographies, the way that we win is to get people to buy their first smart phone.",-0.042294455066875715,negative
20150721_AAPL,AAPL,2015-07-21,62,"In other geographies, the way that we win is to get people to upgrade from their current iPhone.",-0.042294455066875715,negative
20150721_AAPL,AAPL,2015-07-21,63,All of those are very important for us.,-0.042294455066875715,negative
20150721_AAPL,AAPL,2015-07-21,64,"In many geographies, it's two of those, or in some geographies, it's all three of those.",-0.042294455066875715,negative
20150721_AAPL,AAPL,2015-07-21,65,And so all of those are important.,-0.042294455066875715,negative
20150721_AAPL,AAPL,2015-07-21,66,"We are very focused on growing iPhone around the world, not just in one geography, and getting our message out there through ads is one way to do that.",-0.042294455066875715,negative
20150721_AAPL,AAPL,2015-07-21,67,"Obviously, FX has been a significant hit in many ways, of course.",-0.042294455066875715,negative
20150721_AAPL,AAPL,2015-07-21,68,We would be 800 basis points higher this quarter from the 33% that we've reported if it wasn't for the movement in currencies around the world.,-0.042294455066875715,negative
20150721_AAPL,AAPL,2015-07-21,69,"Really, when you look around the world, if you exclude China, essentially every single currency has weakened against the dollar.",-0.042294455066875715,negative
20150721_AAPL,AAPL,2015-07-21,70,"We are pretty careful and thoughtful about where we increase prices and when and by how much [during] mid cycle, because it's not something that we particularly like to do.",-0.042294455066875715,negative
20150721_AAPL,AAPL,2015-07-21,71,"We've had circumstances around the world this year where, frankly, we didn't have many options because the currency movement was so large, and so we've had to reprice.",-0.042294455066875715,negative
20150721_AAPL,AAPL,2015-07-21,72,I have to say that it's been remarkable.,-0.042294455066875715,negative
20150721_AAPL,AAPL,2015-07-21,73,"Look, in the long run, a strong US dollar is not a positive for our international business.",-0.042294455066875715,negative
20150721_AAPL,AAPL,2015-07-21,74,It's normal to see a drop in demand when prices go up.,-0.042294455066875715,negative
20150721_AAPL,AAPL,2015-07-21,75,It has been remarkable so far to see that.,-0.042294455066875715,negative
20150721_AAPL,AAPL,2015-07-21,76,"We did take prices in a few markets, but remarkable to see how resilient iPhone sales have been because we have increased -- in spite of these price increases, we have increased sales and we have increased market share in all our geographies around the world without exception.",-0.042294455066875715,negative
20150721_AAPL,AAPL,2015-07-21,77,Maybe the best way to talk about this is at the product level.,-0.042294455066875715,negative
20150721_AAPL,AAPL,2015-07-21,78,"On the Watch, our June sales were higher than April or May.",-0.042294455066875715,negative
20150721_AAPL,AAPL,2015-07-21,79,"I realize that's very different than what some of the -- is being written, but June sales were the highest.",-0.042294455066875715,negative
20150721_AAPL,AAPL,2015-07-21,80,"And so, the Watch had a more of a back-ended kind of skewing.",-0.042294455066875715,negative
20150721_AAPL,AAPL,2015-07-21,81,The phone itself followed what I would call a normal seasonal kind of pattern.,-0.042294455066875715,negative
20150721_AAPL,AAPL,2015-07-21,82,If you look at the -- it sounds like you're honing in on the greater China results themselves.,-0.042294455066875715,negative
20150721_AAPL,AAPL,2015-07-21,83,There's no obvious impact for last quarter in the greater China numbers.,-0.042294455066875715,negative
20150721_AAPL,AAPL,2015-07-21,84,"Obviously, with the aggregate or the consolidated number being 112%, it's hard to find a lot of bad things in the numbers.",-0.042294455066875715,negative
20150721_MSFT,MSFT,2015-07-21,0,"Overall and the way I look at it is -- first of all, I'm most focused, on obviously, our organic growth, and in there, <UNK> alluded to this, we made significant changes in how we have allocated our own organic dollars, both in R&D as well as in sales and marketing.",-0.03680203045685902,negative
20150721_MSFT,MSFT,2015-07-21,1,"And we'll continue to do that because I think there is significant new opportunities for us to go after, and that will require us to just reallocate aggressively and that to me is core.",-0.03680203045685902,negative
20150721_MSFT,MSFT,2015-07-21,2,But beyond that we will look at inorganic means.,-0.03680203045685902,negative
20150721_MSFT,MSFT,2015-07-21,3,"When I look at all of the acquisitions that we have made over the course of the last year, and our OpEx guidance for next year, shows how disciplined we are in bringing new talent in.",-0.03680203045685902,negative
20150721_MSFT,MSFT,2015-07-21,4,"Be it in R&D, be it in sales and marketing.",-0.03680203045685902,negative
20150721_MSFT,MSFT,2015-07-21,5,So we are not afraid to bring in new capability.,-0.03680203045685902,negative
20150721_MSFT,MSFT,2015-07-21,6,But I'm also questioning what is the allocation we have.,-0.03680203045685902,negative
20150721_MSFT,MSFT,2015-07-21,7,"Of course, we have done smaller acquisitions, but they add up, they're pretty significant.",-0.03680203045685902,negative
20150721_MSFT,MSFT,2015-07-21,8,"When you add up all of the things that we have done in the Office 365 space, all of the things we have done in the Azure space.",-0.03680203045685902,negative
20150721_MSFT,MSFT,2015-07-21,9,"And if anything comes up in M&A which allows us to pursue our strategic vision, that we will need to even allocate more to on an OpEx basis, post acquisition, we will look at that.",-0.03680203045685902,negative
20150721_MSFT,MSFT,2015-07-21,10,"So I won't shy away from it, because what's important to us is growth in areas where we have something unique to contribute and long-term profitability.",-0.03680203045685902,negative
20150723_AMZN,AMZN,2015-07-23,0,"Yes, thanks for your question.",0.09797171180886798,positive
20150723_AMZN,AMZN,2015-07-23,1,"We have not broken out specifically apparel, but we're super excited about that business.",0.09797171180886798,positive
20150723_AMZN,AMZN,2015-07-23,2,"We think our website is very, very atune to selling online.",0.09797171180886798,positive
20150723_AMZN,AMZN,2015-07-23,3,So we're very happy with that.,0.09797171180886798,positive
20150723_AMZN,AMZN,2015-07-23,4,"It is a big business for us, not only in North America but also Internationally.",0.09797171180886798,positive
20150723_AMZN,AMZN,2015-07-23,5,So you mentioned a couple other consumables categories.,0.09797171180886798,positive
20150723_AMZN,AMZN,2015-07-23,6,I will say we are very happy in our consumables and hard line categories as well.,0.09797171180886798,positive
20150723_AMZN,AMZN,2015-07-23,7,We drive a lot of repeat business with things like Prime Pantry and subscribe and Save and others.,0.09797171180886798,positive
20150723_AMZN,AMZN,2015-07-23,8,So very happy with the EGM business as a whole.,0.09797171180886798,positive
20150723_AMZN,AMZN,2015-07-23,9,Let me start with the first question on international media and EGM.,0.09797171180886798,positive
20150723_AMZN,AMZN,2015-07-23,10,"I think we're seeing similar trends in both geographies, both segments that EGM growth is much -- is very strong.",0.09797171180886798,positive
20150723_AMZN,AMZN,2015-07-23,11,Media growth has been consistent for the last four quarters.,0.09797171180886798,positive
20150723_AMZN,AMZN,2015-07-23,12,We do like the work being done by the media teams.,0.09797171180886798,positive
20150723_AMZN,AMZN,2015-07-23,13,"There's a lot of pipeline of invention, things like Prime Instant Video, Prime Music, all feed the Prime pipeline and Prime ecosystem, if you will.",0.09797171180886798,positive
20150723_AMZN,AMZN,2015-07-23,14,"They work great with our devices, by the way.",0.09797171180886798,positive
20150723_AMZN,AMZN,2015-07-23,15,And they drive other non-media sales.,0.09797171180886798,positive
20150723_AMZN,AMZN,2015-07-23,16,"So they're very tied together, although certainly the EGM is outpacing the media segment or excuse me, media businesses right now.",0.09797171180886798,positive
20150723_AMZN,AMZN,2015-07-23,17,"On transportation costs, not a lot to add there.",0.09797171180886798,positive
20150723_AMZN,AMZN,2015-07-23,18,"Again, we are -- we have a combination of doing our own shipping and using third party carriers.",0.09797171180886798,positive
20150723_AMZN,AMZN,2015-07-23,19,"So the rate increases are staged and we see those quite frequently, nothing to add there.",0.09797171180886798,positive
20150723_AMZN,AMZN,2015-07-23,20,"On the FCs and whether we would expand or build new, I think we're looking to always to get the most out of the fulfillment centers that we have.",0.09797171180886798,positive
20150723_AMZN,AMZN,2015-07-23,21,"And as we need new facilities, we place them closer and closer to customers.",0.09797171180886798,positive
20150723_AMZN,AMZN,2015-07-23,22,So that can have its benefits as well.,0.09797171180886798,positive
20150723_AMZN,AMZN,2015-07-23,23,Not much more to add on that one.,0.09797171180886798,positive
20151022_AMZN,AMZN,2015-10-22,0,"What I can tell you is the 3P percent of revenue continues to grow for now up to 46% of paid units, which is up 400 basis points year-over-year and 100 basis points sequentially off Q2.",0.062279441754889975,positive
20151022_AMZN,AMZN,2015-10-22,1,"We feel that Prime and FBA are reinforce each other, they are inextricably linked.",0.062279441754889975,positive
20151022_AMZN,AMZN,2015-10-22,2,FBA adds Prime selection and Prime growth attracts more FBA sellers.,0.062279441754889975,positive
20151022_AMZN,AMZN,2015-10-22,3,So we have seen growth in FBA.,0.062279441754889975,positive
20151022_AMZN,AMZN,2015-10-22,4,"It increases our Prime fast-track eligible selection, which we like and customers like, so we like what we see in the third-party side.",0.062279441754889975,positive
20151022_AMZN,AMZN,2015-10-22,5,"I will point out that this quarter showed a lot of innovation, a lot of new products and features and a lot of investment.",0.062279441754889975,positive
20151022_AMZN,AMZN,2015-10-22,6,"We've already talked about India, but domestically, we're -- excuse me, globally we are investing very heavily in our Prime platform both in North America and International.",0.062279441754889975,positive
20151022_AMZN,AMZN,2015-10-22,7,"And that includes video content and original content, Prime Music, as <UNK> just said, the Prime Now has been expanded to 14 Metro areas, we have had same day delivery in now in 16 metro areas, we've built 14 new fulfillment centers, we've launched multiple devices including e-readers, tablets that are priced under $50, Echo, Dash Button.",0.062279441754889975,positive
20151022_AMZN,AMZN,2015-10-22,8,So there's a lot of investment going on and there will be continue especially related to Prime.,0.062279441754889975,positive
20151022_AMZN,AMZN,2015-10-22,9,"And on the AWS side, as I said, we have 530 new features so far this year.",0.062279441754889975,positive
20151022_AMZN,AMZN,2015-10-22,10,So innovation and investment will continue and can be lumpy.,0.062279441754889975,positive
20151022_AMZN,AMZN,2015-10-22,11,"I hate to use that word again, but could be lumpy over time.",0.062279441754889975,positive
20151022_AMZN,AMZN,2015-10-22,12,The other dynamic in our Company though is definitely working on cost reductions and efficiency.,0.062279441754889975,positive
20151022_AMZN,AMZN,2015-10-22,13,"I think you see a lot of that in this quarter's P&L and in our capital efficiency, both in the warehouse world and also in infrastructure.",0.062279441754889975,positive
20151022_AMZN,AMZN,2015-10-22,14,So we will continue to work on costs.,0.062279441754889975,positive
20151022_AMZN,AMZN,2015-10-22,15,The good thing about 30% revenue growth is it gives you a lot more cost to work on as well.,0.062279441754889975,positive
20151022_AMZN,AMZN,2015-10-22,16,"So we will -- I would say it is not as much as a pendulum as maybe it's been portrayed, it is more of a constant.",0.062279441754889975,positive
20151022_AMZN,AMZN,2015-10-22,17,"The investment will, it sometimes ebbs and flows but the cost reductions will be a constant presence and the increase in customer experience and shortening the time to delivery in making the customer experience better.",0.062279441754889975,positive
20151022_AMZN,AMZN,2015-10-22,18,"We are not going to update our Prime subscription growth beyond what we said last year or the end of last year, which last year in the year when we raised prices early in 2014, the global growth rate was 53% and North America growth rate was 50%.",0.062279441754889975,positive
20151022_AMZN,AMZN,2015-10-22,19,"So by default, the International growth rate was higher.",0.062279441754889975,positive
20151022_AMZN,AMZN,2015-10-22,20,"We like the adoption of Prime internationally, it is helped by additional selection that's available for fast-track shipment including FBA.",0.062279441754889975,positive
20151022_AMZN,AMZN,2015-10-22,21,"We've also launched video benefits, most recently in Japan, but we have them in UK and Germany.",0.062279441754889975,positive
20151022_AMZN,AMZN,2015-10-22,22,"We continue to launch other Prime benefits, Amazon Pantry in Japan and Germany this quarter.",0.062279441754889975,positive
20151022_AMZN,AMZN,2015-10-22,23,We launched Prime Now in the UK.,0.062279441754889975,positive
20151022_AMZN,AMZN,2015-10-22,24,So it is very similar to the US story potentially time lagged a bit but we are seeing the same customer adoption and impact on growth rates.,0.062279441754889975,positive
20151022_AMZN,AMZN,2015-10-22,25,"First, what I will classify as Prime demographics.",0.062279441754889975,positive
20151022_AMZN,AMZN,2015-10-22,26,"So yes, we still think there's a lot of people in the country who are not Prime members and we are anxious to have them try it and sign up and join.",0.062279441754889975,positive
20151022_AMZN,AMZN,2015-10-22,27,"The other thing that we see is that with our vast offering of selection and faster and faster shipping programs, we have a more competitive offering for many things that they buy.",0.062279441754889975,positive
20151022_AMZN,AMZN,2015-10-22,28,So there's a share of wallet element to it as well over time that we are looking to be more useful to customers all the time.,0.062279441754889975,positive
20151022_AMZN,AMZN,2015-10-22,29,On your comment about the economic drivers of Prime Now.,0.062279441754889975,positive
20151022_AMZN,AMZN,2015-10-22,30,"You know what I will say is, customers really value it.",0.062279441754889975,positive
20151022_AMZN,AMZN,2015-10-22,31,"It is not our entire selection, it is tens of thousands of items that they may need on a daily basis.",0.062279441754889975,positive
20151022_AMZN,AMZN,2015-10-22,32,"We think it is an interesting part of the selection offer for Prime and it's in many ways something that we can do that others cannot because it is a natural evolution of our 20-year effort to grow our fulfillment center network and our scale, quite frankly, makes it possible to even offer this to customers.",0.062279441754889975,positive
20151022_AMZN,AMZN,2015-10-22,33,I will take the India question.,0.062279441754889975,positive
20151022_AMZN,AMZN,2015-10-22,34,"So again, India is a different market and does not have a lot of the same ready fulfillment options that some other countries did.",0.062279441754889975,positive
20151022_AMZN,AMZN,2015-10-22,35,"We see that as an opportunity, an opportunity that we can build and we can bring to sellers.",0.062279441754889975,positive
20151022_AMZN,AMZN,2015-10-22,36,"And as I believe I already mentioned, we like what we see, we are very encouraged, customer accounts, active customer counts are up 230% year-over-year and sellers, number of sellers is up 250% year-over-year.",0.062279441754889975,positive
20151022_AMZN,AMZN,2015-10-22,37,"90% of those sellers use our logistics and warehouse services, as you mentioned, which has caused us to triple our fulfilment capacity.",0.062279441754889975,positive
20151022_AMZN,AMZN,2015-10-22,38,"We think we have, we're attractive both to customers and to sellers and we like our position.",0.062279441754889975,positive
20151022_AMZN,AMZN,2015-10-22,39,"I would say that we have 23 sort centers which allows us to control a lot more of our shipments for longer but we certainly value our relationships with USPS, FedEx, UPS and other global carriers.",0.062279441754889975,positive
20151022_AMZN,AMZN,2015-10-22,40,And we are looking forward to a great holiday season.,0.062279441754889975,positive
20151022_AMZN,AMZN,2015-10-22,41,"Yes, I will take that one, this is <UNK>.",0.062279441754889975,positive
20151022_AMZN,AMZN,2015-10-22,42,No specific call outs in Japan.,0.062279441754889975,positive
20151022_AMZN,AMZN,2015-10-22,43,"I would say that we are still very bullish on our Prime Instant Video, especially our new original content we've created.",0.062279441754889975,positive
20151022_AMZN,AMZN,2015-10-22,44,We think it is been critically acclaimed and also a big hit with customers.,0.062279441754889975,positive
20151022_AMZN,AMZN,2015-10-22,45,Man in the High Castle is coming out shortly as is the second season of Transparent which won Emmys this year.,0.062279441754889975,positive
20151022_AMZN,AMZN,2015-10-22,46,So we are really excited about the creative team we've assembled and the products that they have been able to bring to Prime customers.,0.062279441754889975,positive
20151022_AMZN,AMZN,2015-10-22,47,And we still like the customer reaction.,0.062279441754889975,positive
20151022_AMZN,AMZN,2015-10-22,48,Free trial conversion rates are higher when Prime members stream and they also renew at a higher rate their annual subscription.,0.062279441754889975,positive
20151022_AMZN,AMZN,2015-10-22,49,"So again, that's very important to us as well and are very happy with the results.",0.062279441754889975,positive
20151022_AMZN,AMZN,2015-10-22,50,I would say it is difficult equation.,0.062279441754889975,positive
20151022_AMZN,AMZN,2015-10-22,51,"Yes, order size can go up but we ship a lot of toys and bigger items so it is hard to predict what that looks like.",0.062279441754889975,positive
20151022_AMZN,AMZN,2015-10-22,52,"But having the density, having the sort centers has certainly helped our cost structure in that area and having inventory closer to our customers.",0.062279441754889975,positive
20151022_AMZN,AMZN,2015-10-22,53,"On Prime Now, it is our intent to rollout benefits and functionality globally as quickly as possible.",0.062279441754889975,positive
20151022_AMZN,AMZN,2015-10-22,54,I think we were able to do that with Prime Now and get to the UK faster.,0.062279441754889975,positive
20151022_AMZN,AMZN,2015-10-22,55,"We are happy with that, it is not necessarily a comment on Amazon Fresh, it's just they are different businesses.",0.062279441754889975,positive
20151022_AMZN,AMZN,2015-10-22,56,So we're happy with the launch in the UK and the team did a great job to get that launch in a timely manner.,0.062279441754889975,positive
20151022_AMZN,AMZN,2015-10-22,57,"On Kiva, we are up to 30,000 bots at the end of Q3, which is -- and then they're in 13 for fulfillment centers.",0.062279441754889975,positive
20151022_AMZN,AMZN,2015-10-22,58,"At the end of 2014, we had 15,000 bots.",0.062279441754889975,positive
20151022_AMZN,AMZN,2015-10-22,59,So we've doubled that amount and they were in 10 warehouses.,0.062279441754889975,positive
20151022_AMZN,AMZN,2015-10-22,60,Our intent is to use that more widely.,0.062279441754889975,positive
20151022_AMZN,AMZN,2015-10-22,61,I'm going to be vague on the scale of it but their capital intensity is offset by their density and throughput.,0.062279441754889975,positive
20151022_AMZN,AMZN,2015-10-22,62,So it is a bit of an investment that has implications for a lot of elements to your cost structure but we are very happy with Kiva.,0.062279441754889975,positive
20151022_AMZN,AMZN,2015-10-22,63,We think it is a great pairing our associates with Kiva robots to do some of the hauling of products within the warehouse has been a great innovation for us.,0.062279441754889975,positive
20151022_AMZN,AMZN,2015-10-22,64,And we think it makes the warehouse jobs better and I think it makes our warehouses more productive.,0.062279441754889975,positive
20151022_AMZN,AMZN,2015-10-22,65,"Yes, I cannot get into too much detail on the components of EGM profitability.",0.062279441754889975,positive
20151022_AMZN,AMZN,2015-10-22,66,I would say that we are seeing strong growth across all of our EGM categories.,0.062279441754889975,positive
20151022_AMZN,AMZN,2015-10-22,67,"We have great teams that are chasing a lot of different product lines and working with vendors to get more selection on the site, both retail and also third-party.",0.062279441754889975,positive
20151022_AMZN,AMZN,2015-10-22,68,"On the Prime sub growth, we are not updating the statistics.",0.062279441754889975,positive
20151022_AMZN,AMZN,2015-10-22,69,We are very happy with the growth not only in participation but also purchases and retention and we had a very successful Prime Day in <UNK>ly that we are really happy.,0.062279441754889975,positive
20151022_AMZN,AMZN,2015-10-22,70,It was a great event for customers and sellers.,0.062279441754889975,positive
20151022_AMZN,AMZN,2015-10-22,71,That's about all I have on that.,0.062279441754889975,positive
20151022_MSFT,MSFT,2015-10-22,0,The data architecture that underlies what's happening in the enterprise underneath applications is going through a dramatic change.,0.10077035186378638,positive
20151022_MSFT,MSFT,2015-10-22,1,"That said, the relational database itself remains still a very strong component, but not the only component anymore, both on premise and off premise.",0.10077035186378638,positive
20151022_MSFT,MSFT,2015-10-22,2,"What we want to make sure, as a Company, is to cover all of that landscape with a very rich data platform.",0.10077035186378638,positive
20151022_MSFT,MSFT,2015-10-22,3,"So if you look at what we're doing, the length and breadth of our ambition, as well as our delivery today, everything from what SQL itself is doing, we have now all in memory workloads for OLTP, BI, data warehousing, built in.",0.10077035186378638,positive
20151022_MSFT,MSFT,2015-10-22,4,We have the ability to now tier even the database with the cloud.,0.10077035186378638,positive
20151022_MSFT,MSFT,2015-10-22,5,This is all the things that are coming in SQL 2016 and we're excited about that.,0.10077035186378638,positive
20151022_MSFT,MSFT,2015-10-22,6,"When it comes to the cloud itself, we have a PaaS service for SQL, which is very unique in terms of SQL Azure.",0.10077035186378638,positive
20151022_MSFT,MSFT,2015-10-22,7,"We have now the Data Lake service for basically petabyte, exabyte scale data management.",0.10077035186378638,positive
20151022_MSFT,MSFT,2015-10-22,8,"We have higher-level data services like Azure ML, which is about advanced analytics, a category we didn't even participate in the past, so we've entered that category.",0.10077035186378638,positive
20151022_MSFT,MSFT,2015-10-22,9,"So we have a very rich story, and this is not even talking about some of the other end user BI capabilities, like Power BI.",0.10077035186378638,positive
20151022_MSFT,MSFT,2015-10-22,10,"So we have a very rich vision and execution on what is an expanding data platform opportunity, and it's nice to see us innovate on the new services, while we also, in what is still the big market, which is the relational database market, claim a leadership position.",0.10077035186378638,positive
20151022_MSFT,MSFT,2015-10-22,11,"And <UNK>, on the total bookings number, the reason we moved to commercial bookings is it's a far more comparable number to look at, period-to-period.",0.10077035186378638,positive
20151022_MSFT,MSFT,2015-10-22,12,"Total bookings, because of the volatility, frankly, in consumer businesses in times like the holiday period, it can make it far more volatile than usually what many of you have been asking for, which is the continuity and health of the overall commercial business.",0.10077035186378638,positive
20151022_MSFT,MSFT,2015-10-22,13,"If you want to get to total bookings, you just add back in all the consumer revenue is technically how you would do it, but I do think the more helpful KPI for us in terms of bookings is the commercial one.",0.10077035186378638,positive
20151022_MSFT,MSFT,2015-10-22,14,"The way to think about that, how I look at -- the way I would generally say it is you could look at each of the KPI as we get.",0.10077035186378638,positive
20151022_MSFT,MSFT,2015-10-22,15,"So the Office commercial business grew 5%, it was negative 8%, there's some transition earning back off the balance sheet.",0.10077035186378638,positive
20151022_MSFT,MSFT,2015-10-22,16,"When we start to get to this point, and the percentage we already have in the cloud, it is really an offset.",0.10077035186378638,positive
20151022_MSFT,MSFT,2015-10-22,17,"And that's probably, frankly, been true a little bit longer than we've talked about technically in terms of what goes off and what comes on, given we've now got, as <UNK> said, 60 million users and more than that in terms of [SQL].",0.10077035186378638,positive
20151022_MSFT,MSFT,2015-10-22,18,"That can technically, <UNK>, be interesting in certain quarters of the year where we have very heavy expirations.",0.10077035186378638,positive
20151022_MSFT,MSFT,2015-10-22,19,And so it just depends year-over-year -- that's why the commercial is slightly harder to do it on because there's some volatility in the ins-and-outs based on seasonality.,0.10077035186378638,positive
20151022_MSFT,MSFT,2015-10-22,20,"I want to make this simple, and unfortunately it's just slightly complicated.",0.10077035186378638,positive
20151022_MSFT,MSFT,2015-10-22,21,"Because so much of our installed base was already on an annuity contract, it makes this transition mathematically hard.",0.10077035186378638,positive
20151022_MSFT,MSFT,2015-10-22,22,"What you're asking is specifically for our transactional component, when the old transactional component has gone, but that's a component of the number not the total.",0.10077035186378638,positive
20151022_MSFT,MSFT,2015-10-22,23,"So it's why it's technically difficult to answer the question you're specifically asking, <UNK>.",0.10077035186378638,positive
20151022_MSFT,MSFT,2015-10-22,24,"But the way I would think about it is, we are moving such a substantive piece of our EA business, and with our annuity mix all up in commercial, up to 86%, we're feeling very good about our ability to transition people at LTV and grow the business overall at a very high level.",0.10077035186378638,positive
20160728_AMZN,AMZN,2016-07-28,0,"Yes, let me talk a little bit about guidance, and I'll incorporate the answer to the fulfillment question.",0.00823799843212294,neutral
20160728_AMZN,AMZN,2016-07-28,1,"So, you'll notice on the top line guidance of $31 billion to $33.5 billion or 22% to 32% growth incorporates the Prime Day results and I can talk more about that later.",0.00823799843212294,neutral
20160728_AMZN,AMZN,2016-07-28,2,But Prime Day was very successful for us.,0.00823799843212294,neutral
20160728_AMZN,AMZN,2016-07-28,3,"It was up 60% on a worldwide basis over the prior year, and it was also a record day for our Amazon devices, as well as sellers and customers alike.",0.00823799843212294,neutral
20160728_AMZN,AMZN,2016-07-28,4,"In the bottom line, you'll need to remember that Q3 is a typically a lower operating income quarter as we prepare for Q4, the holiday peak.",0.00823799843212294,neutral
20160728_AMZN,AMZN,2016-07-28,5,It's a little bit more exaggerated this year in that we're opening 18 fulfillment centers this quarter.,0.00823799843212294,neutral
20160728_AMZN,AMZN,2016-07-28,6,"To put that in perspective, we launched six in Q3 of last year.",0.00823799843212294,neutral
20160728_AMZN,AMZN,2016-07-28,7,"This will bring us up to 21 net FCs for the year by the end of Q3, and that compares with 10 fulfillment centers for the first three quarters of last year on a net basis.",0.00823799843212294,neutral
20160728_AMZN,AMZN,2016-07-28,8,"So, why are we expanding so much.",0.00823799843212294,neutral
20160728_AMZN,AMZN,2016-07-28,9,"If you remember back to Q4 and the capacity constraints we had in Q4, primarily due to really strong FBA growth, we talked a lot in the Q4 call about the operational cost of that in Q4.",0.00823799843212294,neutral
20160728_AMZN,AMZN,2016-07-28,10,"Customers are well taken care of, but we had additional fulfillment costs from being so tight on capacity.",0.00823799843212294,neutral
20160728_AMZN,AMZN,2016-07-28,11,"This year, with that in mind and then knowing that our growth rate is actually accelerating on a unit basis, we are - Q2 was 28% unit growth for paid units, but fulfilled by - units fulfilled by Amazon is much higher than that due to the growth of Prime and FBA.",0.00823799843212294,neutral
20160728_AMZN,AMZN,2016-07-28,12,That compares with last year in Q2 when we saw 22% unit growth.,0.00823799843212294,neutral
20160728_AMZN,AMZN,2016-07-28,13,So we're 600 basis points faster growth in Q2 this year than last year and that 22% last year turned into 26% in Q4.,0.00823799843212294,neutral
20160728_AMZN,AMZN,2016-07-28,14,So it ramped up in the back end of the year.,0.00823799843212294,neutral
20160728_AMZN,AMZN,2016-07-28,15,"So a lot of data points there, but the bottom line is that there's a large step up in the amount of fulfillment capacity in Q2 - excuse me, Q3 versus Q2.",0.00823799843212294,neutral
20160728_AMZN,AMZN,2016-07-28,16,There's a couple of other factors while I'm at it for guidance.,0.00823799843212294,neutral
20160728_AMZN,AMZN,2016-07-28,17,We are also nearly doubling our content spend in the second half of this year versus the second half of 2015.,0.00823799843212294,neutral
20160728_AMZN,AMZN,2016-07-28,18,"We have a great slate of new Amazon Originals coming out later this year, both in the US and internationally, and we're nearly tripling our number of new Amazon Original shows - TV shows and movies compared with the second half of last year.",0.00823799843212294,neutral
20160728_AMZN,AMZN,2016-07-28,19,"There are other investments, certainly, that are increasing sequentially.",0.00823799843212294,neutral
20160728_AMZN,AMZN,2016-07-28,20,"I'd point to India and AWS, but primarily the two biggest issues in Q3 guidance I would say are the operational ramp and also the increase in digital content spend.",0.00823799843212294,neutral
20160728_AMZN,AMZN,2016-07-28,21,We're not disclosing that at this time.,0.00823799843212294,neutral
20160728_AMZN,AMZN,2016-07-28,22,Let me circle back on Prime Day.,0.00823799843212294,neutral
20160728_AMZN,AMZN,2016-07-28,23,"So again, it was the biggest global day ever for Amazon and was up 60% on a order product sales basis versus Prime Day 2015.",0.00823799843212294,neutral
20160728_AMZN,AMZN,2016-07-28,24,It was a record day for Amazon devices.,0.00823799843212294,neutral
20160728_AMZN,AMZN,2016-07-28,25,It was a great day for small businesses and sellers who saw great year-over improvement in their sales.,0.00823799843212294,neutral
20160728_AMZN,AMZN,2016-07-28,26,"And more importantly, it was a great day for customers.",0.00823799843212294,neutral
20160728_AMZN,AMZN,2016-07-28,27,Globally they saved over double what they had saved in Prime Day 2015.,0.00823799843212294,neutral
20160728_AMZN,AMZN,2016-07-28,28,"So we're very pleased with the results of Prime Day, and the impact of Prime Day is factored into this guidance.",0.00823799843212294,neutral
20160728_AMZN,AMZN,2016-07-28,29,"As far as new customers and new Prime members, we're not disclosing that, but suffice to say that it was a great day for both existing Prime members and also new customers who were trying us out for the first time.",0.00823799843212294,neutral
20160728_AMZN,AMZN,2016-07-28,30,"To your question on Prime Now, so I will point out Prime Now is now in more than 40 metro areas worldwide.",0.00823799843212294,neutral
20160728_AMZN,AMZN,2016-07-28,31,"In the past quarter we expanded further internationally to Germany, Spain and France, so it's a global program, again, offering free two-hour delivery on tens of thousands of items.",0.00823799843212294,neutral
20160728_AMZN,AMZN,2016-07-28,32,"We also have in the same vein of, I think what you called maybe automated consumption, the same day has expanded.",0.00823799843212294,neutral
20160728_AMZN,AMZN,2016-07-28,33,"Now we've added 11 metro areas, bringing the total to 27 metro areas that are qualified for same day.",0.00823799843212294,neutral
20160728_AMZN,AMZN,2016-07-28,34,"So, yes, we think this is an important part of our Prime offering.",0.00823799843212294,neutral
20160728_AMZN,AMZN,2016-07-28,35,"We're very happy with their order patterns from Prime Now, and very happy with it.",0.00823799843212294,neutral
20160728_AMZN,AMZN,2016-07-28,36,"Of course, we do always talk about - we always usually get asked about profitability, and it is a very hard service to deliver and make money on.",0.00823799843212294,neutral
20160728_AMZN,AMZN,2016-07-28,37,"But we know customers love it and we're in a great position to do this because of our long-term approach, our drive of greater efficiencies and our proximity to the customer with our vast global FC network.",0.00823799843212294,neutral
20160728_AMZN,AMZN,2016-07-28,38,We don't give - obviously we don't give segment-based guidance.,0.00823799843212294,neutral
20160728_AMZN,AMZN,2016-07-28,39,"But to your question about AWS, we actually see nine availability zones in four regions coming out in the next - in the coming year.",0.00823799843212294,neutral
20160728_AMZN,AMZN,2016-07-28,40,"The impact on short-term is pretty much indistinguishable from the growth that we're seeing in our expansion of our base customers in our existing regions, so we don't see a large step-up from the addition of new regions relative to the large and rapid growth in the business itself.",0.00823799843212294,neutral
20160728_AMZN,AMZN,2016-07-28,41,"We do think that it does pay benefits both for ourselves and for our customers because of the expansion, and we're happy to have added the region in Mumbai this past quarter.",0.00823799843212294,neutral
20160728_AMZN,AMZN,2016-07-28,42,"We think when we expand geographically, existing customers will run more of their workloads on AWS.",0.00823799843212294,neutral
20160728_AMZN,AMZN,2016-07-28,43,"Sometimes they have local latency concerns or security issues that require them to run things in their country, so that helps.",0.00823799843212294,neutral
20160728_AMZN,AMZN,2016-07-28,44,And we also open up to new customers when we add these regions.,0.00823799843212294,neutral
20160728_AMZN,AMZN,2016-07-28,45,"So not a large impact on Q3 guidance, but certainly an exciting investment for our customer base.",0.00823799843212294,neutral
20160728_AMZN,AMZN,2016-07-28,46,"On tech and content, that's going to be a combination of our people cost related to many areas of the website and also the infrastructure cost to run it, at both the Amazon Web Services and also the Amazon site.",0.00823799843212294,neutral
20160728_AMZN,AMZN,2016-07-28,47,"We've been seeing some great efficiencies in our infrastructure, both internally as Amazon and also as part of AWS.",0.00823799843212294,neutral
20160728_AMZN,AMZN,2016-07-28,48,"We have great people working on not only better efficiency, but also driving cost out of our acquisition prices.",0.00823799843212294,neutral
20160728_AMZN,AMZN,2016-07-28,49,"So, there's a lot of great work going on there and I think that's what you're seeing reflected in the tech and content line.",0.00823799843212294,neutral
20160728_AMZN,AMZN,2016-07-28,50,"Again, this can fluctuate quarter-to-quarter, but we're happy with the current trend and you see it in the AWS margins.",0.00823799843212294,neutral
20160728_AMZN,AMZN,2016-07-28,51,"On Prime Now versus Fresh, they are separate - sorry.",0.00823799843212294,neutral
20160728_AMZN,AMZN,2016-07-28,52,"The - we'll point out in Q2 that we added London and Boston as two new sites in London for AmazonFresh, and that was the first international location.",0.00823799843212294,neutral
20160728_AMZN,AMZN,2016-07-28,53,"But we've been running AmazonFresh for seven years, or excuse me, since 2007 in Seattle.",0.00823799843212294,neutral
20160728_AMZN,AMZN,2016-07-28,54,"And what you've seen as we've been testing the model, we've been expanding in North America and more so we've been expanding within the cities that we're in, adding zip codes, adding additional customers.",0.00823799843212294,neutral
20160728_AMZN,AMZN,2016-07-28,55,"So, the move into Boston and also now into London give us some really good data points and as - it's a great customer feature for the Prime offering.",0.00823799843212294,neutral
20160728_AMZN,AMZN,2016-07-28,56,"Prime Now is a little bit easier to build up from scratch, I would say.",0.00823799843212294,neutral
20160728_AMZN,AMZN,2016-07-28,57,"The - it has a different purpose, although some of the products overlap.",0.00823799843212294,neutral
20160728_AMZN,AMZN,2016-07-28,58,"Again, this is more about immediacy of one-hour and two-hour delivery of a curated list of important products that people need in a short period of time.",0.00823799843212294,neutral
20160728_AMZN,AMZN,2016-07-28,59,"So, they have different roles.",0.00823799843212294,neutral
20160728_AMZN,AMZN,2016-07-28,60,"Some of the products overlap, of course, but we're happy with both, and we think that customers like both of them.",0.00823799843212294,neutral
20160728_AMZN,AMZN,2016-07-28,61,"Well, in Echo, again, we continue to build out the list of devices, launching the Dot and Tap and Fire TV skills this past year.",0.00823799843212294,neutral
20160728_AMZN,AMZN,2016-07-28,62,"And now we have 1,900 third-party skills for the Alexa, including new skills from Kayak, Lyft, NBC, Honeywell and more.",0.00823799843212294,neutral
20160728_AMZN,AMZN,2016-07-28,63,So there's a lot of uses that we're seeing for Echo.,0.00823799843212294,neutral
20160728_AMZN,AMZN,2016-07-28,64,A lot ties into our Prime Music offering.,0.00823799843212294,neutral
20160728_AMZN,AMZN,2016-07-28,65,It's just a great way to access Prime Music and more and more the Amazon site.,0.00823799843212294,neutral
20160728_AMZN,AMZN,2016-07-28,66,"We don't have anything to disclose on physical orders from - through - excuse me, orders through Echo.",0.00823799843212294,neutral
20160728_AMZN,AMZN,2016-07-28,67,"On Amazon Web Services margin, again, this is primarily due to efficiencies gained on our infrastructure, better utilization, better cost out.",0.00823799843212294,neutral
20160728_AMZN,AMZN,2016-07-28,68,There is a - certainly a mix of products and services.,0.00823799843212294,neutral
20160728_AMZN,AMZN,2016-07-28,69,"I don't have a bridge for you on whether that's helpful or hurtful, but the - these margins in AWS will fluctuate from quarter to quarter, and that's what you're seeing.",0.00823799843212294,neutral
20160728_AMZN,AMZN,2016-07-28,70,But we're very happy with the year-over-year improvement.,0.00823799843212294,neutral
20160728_AMZN,AMZN,2016-07-28,71,"Yes, I have the same buzzwords for you, <UNK>.",0.00823799843212294,neutral
20160728_AMZN,AMZN,2016-07-28,72,It's really -- the flywheel of Prime is definitely working.,0.00823799843212294,neutral
20160728_AMZN,AMZN,2016-07-28,73,"The low prices, vast selection and convenience continue to resonate with customers.",0.00823799843212294,neutral
20160728_AMZN,AMZN,2016-07-28,74,Prime membership increases and selection through FBA makes Prime more valuable.,0.00823799843212294,neutral
20160728_AMZN,AMZN,2016-07-28,75,"So it's a bit as simple as that in the consumer business in North America and international, we are seeing great acceptance of Prime and usage of Prime benefits.",0.00823799843212294,neutral
20160728_AMZN,AMZN,2016-07-28,76,"We continue to expand the list of Prime benefits for customers to make it more valuable, and none is more valuable than FBA, which we've talked a lot about the value of Prime to FBA and vice-versa.",0.00823799843212294,neutral
20160728_AMZN,AMZN,2016-07-28,77,FBA is bringing more Prime-eligible selection to Prime and then the growth of Prime and the type of customers that utilize Prime and their buying behavior is a great traction for other FBA sellers.,0.00823799843212294,neutral
20160728_AMZN,AMZN,2016-07-28,78,"So that is essentially what we're seeing, and we're certainly pleased with the customer response to those offers globally.",0.00823799843212294,neutral
20160728_AMZN,AMZN,2016-07-28,79,Let me start with the second question first.,0.00823799843212294,neutral
20160728_AMZN,AMZN,2016-07-28,80,"So on Prime Video, again, we're very happy with the customer adoption of Prime Video, and we know the customers love it.",0.00823799843212294,neutral
20160728_AMZN,AMZN,2016-07-28,81,"We like the results that we see, particularly with the free trial conversion, the renewal rates for subscriptions.",0.00823799843212294,neutral
20160728_AMZN,AMZN,2016-07-28,82,"I mentioned earlier how we're doubling the investment rate in the second half of the year versus last year's second half, and we're tripling the Amazon Originals content.",0.00823799843212294,neutral
20160728_AMZN,AMZN,2016-07-28,83,"That Originals content for TV and movies, that content can be used globally.",0.00823799843212294,neutral
20160728_AMZN,AMZN,2016-07-28,84,"We've talked a bit about our Prime launch in India, and alluded to the fact that we'll be having video soon in India, but local content and also Amazon Originals.",0.00823799843212294,neutral
20160728_AMZN,AMZN,2016-07-28,85,I don't have any more to announce on that today.,0.00823799843212294,neutral
20160728_AMZN,AMZN,2016-07-28,86,"On the variance to guidance, what I'll say is, we came in the very high end of our revenue guidance.",0.00823799843212294,neutral
20160728_AMZN,AMZN,2016-07-28,87,I would say that our business model usually reacts well to high volume as we get a really good leverage on our fixed expenses.,0.00823799843212294,neutral
20160728_AMZN,AMZN,2016-07-28,88,"So that's part of what we saw, very strong operating efficiencies as we hit essentially the highest end of our revenue guidance.",0.00823799843212294,neutral
20160728_AMZN,AMZN,2016-07-28,89,But we do have a lot of diverse profit streams here at Amazon and a lot of investments going on at any point in time.,0.00823799843212294,neutral
20160728_AMZN,AMZN,2016-07-28,90,I think I heard a question there about level of investment.,0.00823799843212294,neutral
20160728_AMZN,AMZN,2016-07-28,91,We continue to invest heavily.,0.00823799843212294,neutral
20160728_AMZN,AMZN,2016-07-28,92,"In fact, I just called out a few things that are going to be stepping up in investment levels in Q3, mostly ops and digital content.",0.00823799843212294,neutral
20160728_AMZN,AMZN,2016-07-28,93,So we continue to invest on behalf of customers.,0.00823799843212294,neutral
20160728_AMZN,AMZN,2016-07-28,94,But we also work very hard at efficiencies and scaling the businesses that we have.,0.00823799843212294,neutral
20160728_AMZN,AMZN,2016-07-28,95,"So we take both roles very seriously around here, investing on the right - in the right things, seeing results on behalf of customers, and also driving efficiencies.",0.00823799843212294,neutral
20160728_AMZN,AMZN,2016-07-28,96,"And there can be timing, quarter-to-quarter, the operating margin and levels of investment can fluctuate, but certainly continue to expand.",0.00823799843212294,neutral
20160728_AMZN,AMZN,2016-07-28,97,"Well, first of all, we believe customers will choose AWS primarily for three factors, the functionality and pace of innovation that we bring to the table, our partner and customer ecosystem and our experience.",0.00823799843212294,neutral
20160728_AMZN,AMZN,2016-07-28,98,We've been in this business longer than anyone.,0.00823799843212294,neutral
20160728_AMZN,AMZN,2016-07-28,99,"Having said that, there's plenty of room for multiple winners in this business.",0.00823799843212294,neutral
20160728_AMZN,AMZN,2016-07-28,100,What we focus on is innovating on behalf of customers and expanding the geographic footprint to make our services more widely available.,0.00823799843212294,neutral
20160728_AMZN,AMZN,2016-07-28,101,"You can see us continue to invest in things like new application services, higher up the stack, additional technologies that will make integrating with AWS seamless for those companies that have a hybrid IT environment and then continuing to add functionality for data analytics, mobile, Internet of things, machine learning offerings, things like that, that will add greater and greater value for AWS customers.",0.00823799843212294,neutral
20160728_AMZN,AMZN,2016-07-28,102,And I would say the rapid pace of innovation continues to stretch our lead in that dimension.,0.00823799843212294,neutral
20160728_AMZN,AMZN,2016-07-28,103,We have had 422 new significant services and features added in the first half of this year.,0.00823799843212294,neutral
20160728_AMZN,AMZN,2016-07-28,104,That's a faster pace than last year when we added 722 services and features.,0.00823799843212294,neutral
20160728_AMZN,AMZN,2016-07-28,105,So we feel good about the business position we're in and our position with customers.,0.00823799843212294,neutral
20160728_AMZN,AMZN,2016-07-28,106,"First, on EGM, I'll just say the growth is across a lot of different products, none to exactly call out here, and we think that a lot of it is, of course, driven by the growth of Prime itself.",0.00823799843212294,neutral
20160728_AMZN,AMZN,2016-07-28,107,"EGM in North America grew 32%, which was higher than the revenue growth rate, and also grew 36% internationally.",0.00823799843212294,neutral
20160728_AMZN,AMZN,2016-07-28,108,"So when people join Prime, they are certainly buying EGM in strong quantity.",0.00823799843212294,neutral
20160728_AMZN,AMZN,2016-07-28,109,So that continues to grow with the growth of the Prime program.,0.00823799843212294,neutral
20160728_AMZN,AMZN,2016-07-28,110,"On transportation, I think your question was about whether that's impacting our short-term results.",0.00823799843212294,neutral
20160728_AMZN,AMZN,2016-07-28,111,"We are certainly expanding our service offerings in the transportation side and we have been for many years, things like sortation centers and delivery methods.",0.00823799843212294,neutral
20160728_AMZN,AMZN,2016-07-28,112,"The plane deal that we were talking about is essentially planes that we're going to be leasing from other companies, and you'll hear more about that as we go forward, but that is to essentially take on the demand for internal flights as we move product around.",0.00823799843212294,neutral
20160728_AMZN,AMZN,2016-07-28,113,It certainly will be well utilized.,0.00823799843212294,neutral
20160728_AMZN,AMZN,2016-07-28,114,I will start with the second question.,0.00823799843212294,neutral
20160728_AMZN,AMZN,2016-07-28,115,So I would just say Prime Day had enormous impact on the device business and devices were well featured and also well adopted by customers.,0.00823799843212294,neutral
20160728_AMZN,AMZN,2016-07-28,116,"So it was the largest device sales day that we've ever had and essentially pretty much across all of our device types, E-readers, tablets, Fire TV and Echo.",0.00823799843212294,neutral
20160728_AMZN,AMZN,2016-07-28,117,"And I'm sorry, your first question was around - the cost of fulfillment centers.",0.00823799843212294,neutral
20160728_AMZN,AMZN,2016-07-28,118,Not disclosing that we do continue to change our fulfillment centers.,0.00823799843212294,neutral
20160728_AMZN,AMZN,2016-07-28,119,"We've changed, again, the automation, the size, the scale many times and we continue to learn and grow there.",0.00823799843212294,neutral
20160728_AMZN,AMZN,2016-07-28,120,"So no general trends I can point to on cost per fulfillment center to start up, but because they do vary in size and mission and some have fully outfitted in using Amazon Robotics, others - some don't for economic reasons.",0.00823799843212294,neutral
20160728_AMZN,AMZN,2016-07-28,121,<UNK>be the volume is not perfect for robot volume.,0.00823799843212294,neutral
20160728_AMZN,AMZN,2016-07-28,122,"But, yes, so I can't give you any real distinct trends there.",0.00823799843212294,neutral
20160728_AMZN,AMZN,2016-07-28,123,"And on Prime penetration, of course, we haven't released Prime subscription levels.",0.00823799843212294,neutral
20160728_AMZN,AMZN,2016-07-28,124,We have talked about growth certainly globally and in North America.,0.00823799843212294,neutral
20160728_AMZN,AMZN,2016-07-28,125,What I can tell you there is we still think there's a lot of room in Prime.,0.00823799843212294,neutral
20160728_AMZN,AMZN,2016-07-28,126,"We've tailored programs to students, we've tailored video programs, we've rolled out monthly plans, we have plans with grocery delivery.",0.00823799843212294,neutral
20160728_AMZN,AMZN,2016-07-28,127,So there's a lot of different flavors of Prime and we are aggressively looking for a perfect Prime for everybody.,0.00823799843212294,neutral
20160728_AMZN,AMZN,2016-07-28,128,"We know that, again, when customers try Prime, they like it.",0.00823799843212294,neutral
20160728_AMZN,AMZN,2016-07-28,129,So it's really just about getting them to try Prime and continuing to deliver great Prime benefits and great low prices and selection.,0.00823799843212294,neutral
20160728_AMZN,AMZN,2016-07-28,130,"As far as AWS, essentially penetration question you asked.",0.00823799843212294,neutral
20160728_AMZN,AMZN,2016-07-28,131,"Again, we like our position, our industry leading position in the cloud space, and we're working on things that would incent more and more customers to accelerate their cloud conversion.",0.00823799843212294,neutral
20160728_AMZN,AMZN,2016-07-28,132,"The lower prices and services that we offer, and as I said, we'll work on things that will make it easier and easier for customers to work with us with their hybrid data centers or transfer their volume to us.",0.00823799843212294,neutral
20160728_AMZN,AMZN,2016-07-28,133,"Yes, and on the content spend, I think the only other data point I can give you is probably a dated one at this point, but we spent $1.3 billion in 2014, that's the last number that we disclosed and we continue to add content.",0.00823799843212294,neutral
20160728_AMZN,AMZN,2016-07-28,134,"The best I can give you at this point is that it will be double, nearly double what we spent in the second half of 2015.",0.00823799843212294,neutral
20160728_AMZN,AMZN,2016-07-28,135,"So India, we're very encouraged by what we've seen so far in India, both with customers and also sellers; that's a third-party seller market.",0.00823799843212294,neutral
20160728_AMZN,AMZN,2016-07-28,136,"You heard that we launched the Prime program this week, which will be a whole new experience for Indian customers.",0.00823799843212294,neutral
20160728_AMZN,AMZN,2016-07-28,137,"In hundreds of cities we'll now have unlimited free one-day and two-day delivery, and we also mentioned that Prime Video is coming there, both Indian and global content.",0.00823799843212294,neutral
20160728_AMZN,AMZN,2016-07-28,138,We're also starting to see exclusive online sales partnerships.,0.00823799843212294,neutral
20160728_AMZN,AMZN,2016-07-28,139,"Recently, we've had partnerships with Motorola, Samsung, Lenovo on select phones.",0.00823799843212294,neutral
20160728_AMZN,AMZN,2016-07-28,140,"But more importantly, again, we really like the opportunity in India.",0.00823799843212294,neutral
20160728_AMZN,AMZN,2016-07-28,141,We like the initial results that we see from customers and also sellers.,0.00823799843212294,neutral
20160728_AMZN,AMZN,2016-07-28,142,We really like our team there.,0.00823799843212294,neutral
20160728_AMZN,AMZN,2016-07-28,143,We have a great team of Amazonians who've been very inventive in India.,0.00823799843212294,neutral
20160728_AMZN,AMZN,2016-07-28,144,"Every time there's an obstacle or something that's different from the US or another major business, they'll invent around it, whether it's a shipping method or a payment method or whatever.",0.00823799843212294,neutral
20160728_AMZN,AMZN,2016-07-28,145,"So, very creative and the customer response has been really strong.",0.00823799843212294,neutral
20160728_AMZN,AMZN,2016-07-28,146,So we are very excited about the Prime program.,0.00823799843212294,neutral
20160728_AMZN,AMZN,2016-07-28,147,"We think it'll enter into a new chapter in India, and we've seen great success in every country in the world that we've launched Prime, and we feel India is going to be no different.",0.00823799843212294,neutral
20160728_AMZN,AMZN,2016-07-28,148,So we're looking forward to seeing what we can do on behalf of the Indian customer.,0.00823799843212294,neutral
20161020_MSFT,MSFT,2016-10-20,0,"I spoke to this a little earlier, because in some sense, from day one we had this vision of how we want to build for a future of distributed computing that included our hyper-scale cloud service, which is Azure.",0.042096069869979685,positive
20161020_MSFT,MSFT,2016-10-20,1,"And in fact, Azure is built on hyper-V, and we always said that we were going to build our server as the edge of our hyper-scale cloud, and so that's what Windows Server 2016 represents.",0.042096069869979685,positive
20161020_MSFT,MSFT,2016-10-20,2,"That is what SQL Server 2016 represents, and so we have these unique capabilities, like being able to stretch even a single table in a database in SQL 2016 all the way to the cloud for having infinite table capacity, and then having your apps and queries work.",0.042096069869979685,positive
20161020_MSFT,MSFT,2016-10-20,3,"How we're doing containers: for example, in Windows Server 2016, we have great container support, as well as support for things like our Service Fabric, so that people can have absolute application portability, and in fact, people can even tier applications.",0.042096069869979685,positive
20161020_MSFT,MSFT,2016-10-20,4,We have had many customers who tier their storage and compute across a hybrid backplane.,0.042096069869979685,positive
20161020_MSFT,MSFT,2016-10-20,5,"So this is an architectural design point that we have built for from the ground up from day one, and it's good to see people validating it now and elsewhere, and we will take that as a validation of something that we thought of a long time ago.",0.042096069869979685,positive
20161020_MSFT,MSFT,2016-10-20,6,"<UNK>, I would say I talked about the reasons, the three big reasons why customers choose our cloud, and our cloud infrastructure in particular.",0.042096069869979685,positive
20161020_MSFT,MSFT,2016-10-20,7,"One, it is about the hybrid design point that is at the core of how we are built, both Azure as well as our servers.",0.042096069869979685,positive
20161020_MSFT,MSFT,2016-10-20,8,It is because of the higher-level services that we have.,0.042096069869979685,positive
20161020_MSFT,MSFT,2016-10-20,9,"It is also because of the design point we have around not just Azure, but as well as Dynamics 365 and Office 365, and the extensibility of our cloud services across all three of them.",0.042096069869979685,positive
20161020_MSFT,MSFT,2016-10-20,10,And that's really the fundamental reasons why customers choose us.,0.042096069869979685,positive
20161020_MSFT,MSFT,2016-10-20,11,"The other thing I would mention is, we have more of a commitment, I would say, which has been there from a long time, to build out a global footprint.",0.042096069869979685,positive
20161020_MSFT,MSFT,2016-10-20,12,We have more regions than anyone.,0.042096069869979685,positive
20161020_MSFT,MSFT,2016-10-20,13,"We have more certifications than anyone in terms of adhering to both regulated industry, as well as digital sovereignty needs.",0.042096069869979685,positive
20161020_MSFT,MSFT,2016-10-20,14,"We're the only public cloud provider, for example, that operates in China.",0.042096069869979685,positive
20161020_MSFT,MSFT,2016-10-20,15,We operate in Germany under German law.,0.042096069869979685,positive
20161020_MSFT,MSFT,2016-10-20,16,And that matters to multinational companies that also are trying to operate across many geographies and jurisdictions.,0.042096069869979685,positive
20161020_MSFT,MSFT,2016-10-20,17,"So those are our core attributes that are driving our growth, and we'll continue to stay focused on them.",0.042096069869979685,positive
20161020_MSFT,MSFT,2016-10-20,18,"In terms of the gross margin question, I feel very good to talk about this quarter, about our improvement year-over-year and remain confident that we are heading in the right direction.",0.042096069869979685,positive
20161020_MSFT,MSFT,2016-10-20,19,"And so, I think when you think about that plus the breadth of our offerings, I think we're pretty confident.",0.042096069869979685,positive
20161020_MSFT,MSFT,2016-10-20,20,"I will take the opportunity, because we haven't been asked about Windows 10 in the enterprise.",0.042096069869979685,positive
20161020_MSFT,MSFT,2016-10-20,21,"I think we are encouraged by the pace of deployment, the number of proof-of-concepts, and actually some of the stability we've seen in the commercial PC market, in terms of starting to see some refresh rates.",0.042096069869979685,positive
20161020_MSFT,MSFT,2016-10-20,22,"So I think overall, I think we will continue to watch, but our security and management value prop, I think really is paying off.",0.042096069869979685,positive
20161020_MSFT,MSFT,2016-10-20,23,"Overall, we are very, very excited about what we are seeing with SQL on Linux, because the entire idea was to be able to have a full conversation around the data estate with customers.",0.042096069869979685,positive
20161020_MSFT,MSFT,2016-10-20,24,"And to now be able to talk about the full SQL estate, one of the other conversations that we are having is not just about SQL, but our analytics and advanced analytics with R, where we've done some very, very compelling work, again, across Linux and Windows.",0.042096069869979685,positive
20161020_MSFT,MSFT,2016-10-20,25,"And then, of course, the cloud.",0.042096069869979685,positive
20161020_MSFT,MSFT,2016-10-20,26,"So it's really the combination of SQL advanced analytics and the cloud, with things like Azure Data Lake, that are really the choices customers are trying to make as they think about their digital capability and the next generation of services and both the storage and processing capability they need.",0.042096069869979685,positive
20161020_MSFT,MSFT,2016-10-20,27,"Now, in terms of having support for these different runtimes, you're absolutely right, that's the reason why, for example, on Azure itself, Java is first-class.",0.042096069869979685,positive
20161020_MSFT,MSFT,2016-10-20,28,"We have real openness to all of the frameworks that you can call out to, and that's something that we stay very attuned to, which is we are not trying to fight some old battles.",0.042096069869979685,positive
20161020_MSFT,MSFT,2016-10-20,29,"This is all about being able to serve customers on their needs today, and that's what is leading and driving a lot of our choices, as well as how we think about our market opportunity.",0.042096069869979685,positive
20161020_MSFT,MSFT,2016-10-20,30,"Overall, I am thrilled about both the AI group that we have formed, the AI research and the heritage we have with MSR.",0.042096069869979685,positive
20161020_MSFT,MSFT,2016-10-20,31,"Even this week, I think we publicly are talking about setting the state-of-the-art when it comes to something like speech recognition, and it's something that we did even with image net and image recognition and object rec.",0.042096069869979685,positive
20161020_MSFT,MSFT,2016-10-20,32,"So these are capabilities that are not easy to build if you don't have a real commitment to research, and then the ability to take that research and then ultimately turn it into products.",0.042096069869979685,positive
20161020_MSFT,MSFT,2016-10-20,33,"So the way to measure, though, from the investment side, is to see AI when it is infused into everything we do.",0.042096069869979685,positive
20161020_MSFT,MSFT,2016-10-20,34,"The ability of HoloLens to be able to see the world, reconstruct it, and in that world to be able to superimpose holograms, that is AI -- applied AI that is working today.",0.042096069869979685,positive
20161020_MSFT,MSFT,2016-10-20,35,"When you have Skype translate when two people are talking two different languages and are able to automatically translate without an interpreter between languages, it's using a deep neural net that is bringing together speech synthesis, speech recognition, and machine translation with Skype data.",0.042096069869979685,positive
20161020_MSFT,MSFT,2016-10-20,36,"When you seeing FPGA capable of running CNTK or TensorFlow to create intelligence, that is what we are using, in fact, for our speech and vision work.",0.042096069869979685,positive
20161020_MSFT,MSFT,2016-10-20,37,"So I am not waiting for some future date to see ROI from AI; we're very much going forward, even the Office tools example I used.",0.042096069869979685,positive
20161020_MSFT,MSFT,2016-10-20,38,"The PowerPoint designer, if you want the most practical use of it, even I can design great PowerPoint slides now because of AI.",0.042096069869979685,positive
20161020_MSFT,MSFT,2016-10-20,39,"And so, that's how I measure progress.",0.042096069869979685,positive
20161020_MSFT,MSFT,2016-10-20,40,"We are committed to long-term research, but we're also very focused on having the long-term research translated into everyday use products, and that's what you will see from us going forward.",0.042096069869979685,positive
20161020_MSFT,MSFT,2016-10-20,41,"With our annuity mix as high as it is, it can impact it a couple points either way.",0.042096069869979685,positive
20161020_MSFT,MSFT,2016-10-20,42,But I don't think about that as really a material impact you should think about in the next couple of quarters.,0.042096069869979685,positive
20161020_MSFT,MSFT,2016-10-20,43,And our focus will always be making sure where we have a clear roadmap for customers to make long-term commitments through annuity.,0.042096069869979685,positive
20161020_MSFT,MSFT,2016-10-20,44,"And so we are really trying to get away from some of that, quote-unquote, launch impact that you may normally expect to see.",0.042096069869979685,positive
20161025_AAPL,AAPL,2016-10-25,0,"With the iPhone 7 Plus, we've put an incredible amount of innovation into the camera and the overall photo experience, and customers are obviously using that and have discovered that they love it.",-0.02249471458800569,negative
20161025_AAPL,AAPL,2016-10-25,1,"So, we're getting an incredible amount of feedback there.",-0.02249471458800569,negative
20161025_AAPL,AAPL,2016-10-25,2,We also get incredible feedback on the iPhone 7.,-0.02249471458800569,negative
20161025_AAPL,AAPL,2016-10-25,3,"But, the mix that we projected on an iPhone 7 Plus is short of what the reality is.",-0.02249471458800569,negative
20161025_AAPL,AAPL,2016-10-25,4,"So, we are chasing supply there.",-0.02249471458800569,negative
20161025_AAPL,AAPL,2016-10-25,5,"In terms of the ASP, the way we think about it is we want to charge a fair price.",-0.02249471458800569,negative
20161025_AAPL,AAPL,2016-10-25,6,"And so, we don't want to charge more than that, and we think it's worth being fair.",-0.02249471458800569,negative
20161025_AAPL,AAPL,2016-10-25,7,"And so, that's how we look at it.",-0.02249471458800569,negative
20161025_AAPL,AAPL,2016-10-25,8,"If I can add, <UNK>, keep in mind that in a lot of countries around the world the reality is that our customers have seen some significant price increases because of the FX situation, right.",-0.02249471458800569,negative
20161025_AAPL,AAPL,2016-10-25,9,"And, that's something that we need to keep in mind as well.",-0.02249471458800569,negative
20161025_AAPL,AAPL,2016-10-25,10,We clearly saw that this year.,-0.02249471458800569,negative
20161025_AAPL,AAPL,2016-10-25,11,There's a lot of competition for customers in the US which I think is the market that you're talking about.,-0.02249471458800569,negative
20161025_AAPL,AAPL,2016-10-25,12,"Whether that will happen every two years, I don't know.",-0.02249471458800569,negative
20161025_AAPL,AAPL,2016-10-25,13,"But, I suspect that any time there are large numbers of customers that have a phone that's in that two-year kind of range that it tends to be a sweet spot, and I think you probably will see a lot of people trying to recruit those customers.",-0.02249471458800569,negative
20161025_AAPL,AAPL,2016-10-25,14,I'll let <UNK> talk about the OpEx piece of it.,-0.02249471458800569,negative
20161025_AAPL,AAPL,2016-10-25,15,"On India, I think it's important to look not only at per-capita income, which may be what you're looking at, but sort of look at the number of people that are or will move into the middle class over the next decade.",-0.02249471458800569,negative
20161025_AAPL,AAPL,2016-10-25,16,"And, the age of the population, if you look at India, almost 50% of the population is under 25.",-0.02249471458800569,negative
20161025_AAPL,AAPL,2016-10-25,17,"So, you have a very, very young population.",-0.02249471458800569,negative
20161025_AAPL,AAPL,2016-10-25,18,The smartphone has not done as well in India in general.,-0.02249471458800569,negative
20161025_AAPL,AAPL,2016-10-25,19,"However, one of the key reasons for that is the infrastructure hasn't been there.",-0.02249471458800569,negative
20161025_AAPL,AAPL,2016-10-25,20,"But, this year, or this year and next year, there are enormous investments going in on 4G, and we couldn't be more excited about that because it really takes a great network working with iPhones to produce that great experience for people.",-0.02249471458800569,negative
20161025_AAPL,AAPL,2016-10-25,21,"And so, I see a lot of the factors moving in the right direction there.",-0.02249471458800569,negative
20161025_AAPL,AAPL,2016-10-25,22,"I also think the government is much more focused on the infrastructure and on creating jobs, which is fantastic, because you really need the infrastructure and the technology to do that.",-0.02249471458800569,negative
20161025_AAPL,AAPL,2016-10-25,23,"I think it's clear that the population of India will exceed China sometime in the -- probably the next decade or so, maybe less than that.",-0.02249471458800569,negative
20161025_AAPL,AAPL,2016-10-25,24,I think it will take longer for the GDP to rival it.,-0.02249471458800569,negative
20161025_AAPL,AAPL,2016-10-25,25,"But, that's not critical for us to have a great success there.",-0.02249471458800569,negative
20161025_AAPL,AAPL,2016-10-25,26,"The truth is, there's going to be a lot of people there and a lot of people in the middle class that will really want a smartphone.",-0.02249471458800569,negative
20161025_AAPL,AAPL,2016-10-25,27,"And, I think we can compete well for some percentage of those.",-0.02249471458800569,negative
20161025_AAPL,AAPL,2016-10-25,28,"And, given our starting point, even though we've been growing a lot, there's a lot of headroom there in our mind.",-0.02249471458800569,negative
20161025_AAPL,AAPL,2016-10-25,29,"And so, we're working very hard to realize that opportunity.",-0.02249471458800569,negative
20161025_AAPL,AAPL,2016-10-25,30,"And, <UNK>, on OpEx, our approach to OpEx is quite clear and quite simple.",-0.02249471458800569,negative
20161025_AAPL,AAPL,2016-10-25,31,We want to continue to invest in the business in all the areas where we think it's critical for us to invest.,-0.02249471458800569,negative
20161025_AAPL,AAPL,2016-10-25,32,"So, you see that we make significant investments in R&D.",-0.02249471458800569,negative
20161025_AAPL,AAPL,2016-10-25,33,You've seen the growth rates over the last couple of years.,-0.02249471458800569,negative
20161025_AAPL,AAPL,2016-10-25,34,We are making important investments in data centers because we want to support our services business.,-0.02249471458800569,negative
20161025_AAPL,AAPL,2016-10-25,35,We continue to open retail stores around the world.,-0.02249471458800569,negative
20161025_AAPL,AAPL,2016-10-25,36,We continue to invest in marketing and advertising.,-0.02249471458800569,negative
20161025_AAPL,AAPL,2016-10-25,37,"At the same time, we want to continue to be efficient and lean.",-0.02249471458800569,negative
20161025_AAPL,AAPL,2016-10-25,38,It's something that we've done very well over the years.,-0.02249471458800569,negative
20161025_AAPL,AAPL,2016-10-25,39,We want to continue to do that.,-0.02249471458800569,negative
20161025_AAPL,AAPL,2016-10-25,40,"So, what you've seen, for example, in FY16, you've seen investments in R&D growing at 25% and then our SG&A expenses to be about flat.",-0.02249471458800569,negative
20161025_AAPL,AAPL,2016-10-25,41,This is kind of the approach that we want to take and continue to take going forward.,-0.02249471458800569,negative
20161025_AAPL,AAPL,2016-10-25,42,"If you step back for a second and you look at our implied guidance for the December quarter, we've got an expense-to-revenue ratio of 9%.",-0.02249471458800569,negative
20161025_AAPL,AAPL,2016-10-25,43,"This is extremely competitive in our industry, and I would I say in general.",-0.02249471458800569,negative
20161025_AAPL,AAPL,2016-10-25,44,"So, we want to continue to have this balance.",-0.02249471458800569,negative
20161025_AAPL,AAPL,2016-10-25,45,Make the right investments and remain efficient.,-0.02249471458800569,negative
20161025_AAPL,AAPL,2016-10-25,46,"<UNK>, let me give you some details both on a sequential basis, and I'll give you also something on a year-over-year basis because maybe that's where the disconnect comes from looking at last year's gross margins in the December quarter.",-0.02249471458800569,negative
20161025_AAPL,AAPL,2016-10-25,47,"On a sequential basis, we're essentially guiding to some improvement in gross margins.",-0.02249471458800569,negative
20161025_AAPL,AAPL,2016-10-25,48,We had 38% both in the June quarter and in the September quarter.,-0.02249471458800569,negative
20161025_AAPL,AAPL,2016-10-25,49,"We're guiding slightly higher for the December quarter because on the positive we're going to have, of course, better leverage and the mix in the December quarter tends to be better.",-0.02249471458800569,negative
20161025_AAPL,AAPL,2016-10-25,50,"But, we need to keep into account the fact that these positives are going to be partially offset by the cost structures of the new products that we are launching now, and we launched already a few during the September quarter and that will have an impact on our December-quarter results.",-0.02249471458800569,negative
20161025_AAPL,AAPL,2016-10-25,51,"On a year-over-year basis, keep in mind that last year we did in Q1 we did 40%, around 40%, 41%.",-0.02249471458800569,negative
20161025_AAPL,AAPL,2016-10-25,52,"But, there's a couple of things that I think need to be considered before doing a year-over-year compare.",-0.02249471458800569,negative
20161025_AAPL,AAPL,2016-10-25,53,"And, it's a fact that last year we had this award for a patent infringement of $548 million that is at the gross margin level is 40 Bps.",-0.02249471458800569,negative
20161025_AAPL,AAPL,2016-10-25,54,"And then, we've got the FX situation which I mentioned before which is worth another 60, 70 Bps.",-0.02249471458800569,negative
20161025_AAPL,AAPL,2016-10-25,55,"And so, you're left with less than 100 basis points deterioration on a year-over-year basis where, again, we have the reality of new cost structures into our products.",-0.02249471458800569,negative
20161025_AAPL,AAPL,2016-10-25,56,"It is very, very important, I think, for investors to understand that what's happened during the last two years.",-0.02249471458800569,negative
20161025_AAPL,AAPL,2016-10-25,57,During the last two years the US dollar has appreciated by 15% over the basket of currencies where we do business.,-0.02249471458800569,negative
20161025_AAPL,AAPL,2016-10-25,58,"And, we are a Company that generates two-thirds of our revenues outside the United States.",-0.02249471458800569,negative
20161025_AAPL,AAPL,2016-10-25,59,15% appreciation of the US dollar.,-0.02249471458800569,negative
20161025_AAPL,AAPL,2016-10-25,60,"So, on a year-over-year basis, just 2016 over 2015, was 340 Bps impact from foreign exchange.",-0.02249471458800569,negative
20161025_AAPL,AAPL,2016-10-25,61,This is something that we have offset almost entirely through a number of initiatives going from pricing actions to cost initiatives to our hedging program.,-0.02249471458800569,negative
20161025_AAPL,AAPL,2016-10-25,62,"But, at some point, the strong dollar becomes the new normal, and we need to work with that.",-0.02249471458800569,negative
20161025_AAPL,AAPL,2016-10-25,63,"And, I think over the years, we have made very good tradeoffs, and our gross margins have been quite stable over time.",-0.02249471458800569,negative
20161025_AAPL,AAPL,2016-10-25,64,"We review the capital return annually, and we've established a cadence now to announce our thinking on that every April.",-0.02249471458800569,negative
20161025_AAPL,AAPL,2016-10-25,65,"So, we have a robust discussion around the dividend and the buyback.",-0.02249471458800569,negative
20161025_AAPL,AAPL,2016-10-25,66,"We very much believe that Apple is very undervalued, and so we're investing with confidence in the Company that we know really well.",-0.02249471458800569,negative
20161025_AAPL,AAPL,2016-10-25,67,"And so, that thinking has I think proven out over time, and I think been very good for our shareholders.",-0.02249471458800569,negative
20161025_AAPL,AAPL,2016-10-25,68,"And, in addition to that, we know that some shareholders really like a dividend and some ongoing income, and so we provided an amount that we think is a good amount and have a good track record of raising it annually.",-0.02249471458800569,negative
20161025_AAPL,AAPL,2016-10-25,69,"And so, we'll be able to say more on that I'm sure in April of next year.",-0.02249471458800569,negative
20170427_AMZN,AMZN,2017-04-27,0,"Yes, I think Jeff's comments were pretty dead on.",0.007197456390600856,neutral
20170427_AMZN,AMZN,2017-04-27,1,The launch of Prime last year was a big turning point.,0.007197456390600856,neutral
20170427_AMZN,AMZN,2017-04-27,2,"We've increased Prime selection by 75% since launching that 9 months ago in India, also increased the fulfillment capacity for sellers by 26% this year.",0.007197456390600856,neutral
20170427_AMZN,AMZN,2017-04-27,3,"On the content side, we've announced 18 Indian Original TV series, and we're customizing the content.",0.007197456390600856,neutral
20170427_AMZN,AMZN,2017-04-27,4,So it's a really vast selection of local and global movies and TV shows that are available to the Indian public.,0.007197456390600856,neutral
20170427_AMZN,AMZN,2017-04-27,5,"You'll also notice that the Fire TV Stick was -- the new version of it was launched in India with some important features there, such as the ability to search in Hindi and in English, free data usage for 3 months and also data monitoring, which is important there.",0.007197456390600856,neutral
20170427_AMZN,AMZN,2017-04-27,6,"So we're -- again, we continue to be encouraged by both the response from customers and sellers.",0.007197456390600856,neutral
20170427_AMZN,AMZN,2017-04-27,7,"As far as level of investment is concerned, it is certainly one of our important investment areas.",0.007197456390600856,neutral
20170427_AMZN,AMZN,2017-04-27,8,We see a lot of potential for the country and our business there.,0.007197456390600856,neutral
20170427_AMZN,AMZN,2017-04-27,9,"I can't quantify it, but -- or break out specifically, but I will say it's a large factor as well as a couple other things in the international segment.",0.007197456390600856,neutral
20170427_AMZN,AMZN,2017-04-27,10,"So keep in mind that we launched Prime Video in the fourth quarter, and now we have that in over 200 countries and territories.",0.007197456390600856,neutral
20170427_AMZN,AMZN,2017-04-27,11,We're spreading a lot of the Prime benefits that we've seen in North America to other countries.,0.007197456390600856,neutral
20170427_AMZN,AMZN,2017-04-27,12,"We just opened up AmazonFresh in Tokyo last weekend, but also Prime Now.",0.007197456390600856,neutral
20170427_AMZN,AMZN,2017-04-27,13,You saw other things like our business -- B2B business just opened up in the U.K.,0.007197456390600856,neutral
20170427_AMZN,AMZN,2017-04-27,14,So there's a lot of moving parts here.,0.007197456390600856,neutral
20170427_AMZN,AMZN,2017-04-27,15,The other big influence is the same trends are happening in international with respect to FBA growth and the fact that our Amazon fulfilled network or the units we shipped are growing at much faster clip than our paid unit growth.,0.007197456390600856,neutral
20170427_AMZN,AMZN,2017-04-27,16,"Last year, we said that was a 40% -- nearly 40% growth worldwide, so we're making the investments in warehouses, fulfillment capacity and delivery capacity to handle that.",0.007197456390600856,neutral
20170427_AMZN,AMZN,2017-04-27,17,So there's a lot going on in international.,0.007197456390600856,neutral
20170427_AMZN,AMZN,2017-04-27,18,"We are very encouraged with the growth of the Prime program, and we're hopeful for the Prime Video that we launched in the fall.",0.007197456390600856,neutral
20170427_AMZN,AMZN,2017-04-27,19,Let me start with the Echo question first.,0.007197456390600856,neutral
20170427_AMZN,AMZN,2017-04-27,20,"So yes, we're very encouraged by the customer response to the Echo products.",0.007197456390600856,neutral
20170427_AMZN,AMZN,2017-04-27,21,"Not only the Echo products, but the ability to use tablets -- our tablets now as Echo devices since we've spread the Alexa technology to many of those devices.",0.007197456390600856,neutral
20170427_AMZN,AMZN,2017-04-27,22,And we're also happy with the success we've had with developers.,0.007197456390600856,neutral
20170427_AMZN,AMZN,2017-04-27,23,"There's over now over 12,000 Alexa skills.",0.007197456390600856,neutral
20170427_AMZN,AMZN,2017-04-27,24,So we think that's all foundational.,0.007197456390600856,neutral
20170427_AMZN,AMZN,2017-04-27,25,"The monetization, as you might call it, is -- the theme of your questions, that's not our primary issue right now.",0.007197456390600856,neutral
20170427_AMZN,AMZN,2017-04-27,26,It's about building great products and delighting customers.,0.007197456390600856,neutral
20170427_AMZN,AMZN,2017-04-27,27,"We think as engagement -- as we pick up engagement with the devices, it helps the engagement with Amazon as a whole.",0.007197456390600856,neutral
20170427_AMZN,AMZN,2017-04-27,28,"So whether someone is ordering off their Alexa device or whether they're going to their phone or going to their computer, it all has the same effect for us.",0.007197456390600856,neutral
20170427_AMZN,AMZN,2017-04-27,29,"So very, very pleased with the initial progress.",0.007197456390600856,neutral
20170427_AMZN,AMZN,2017-04-27,30,"We see a lot of momentum there, and we continue to invest.",0.007197456390600856,neutral
20170427_AMZN,AMZN,2017-04-27,31,And that's one of the answers to your second question on North America operating margin.,0.007197456390600856,neutral
20170427_AMZN,AMZN,2017-04-27,32,"So if I step back, let me just talk generally about investment.",0.007197456390600856,neutral
20170427_AMZN,AMZN,2017-04-27,33,"So right now we're just seeing a lot of great opportunities before us, and we're continuing to ramp up the investments in pursuit of those opportunities.",0.007197456390600856,neutral
20170427_AMZN,AMZN,2017-04-27,34,"And the big picture is, again, as we've said, customers -- we want the things that customers love, can grow to be large, will have strong financial returns and they're durable and can last for decades.",0.007197456390600856,neutral
20170427_AMZN,AMZN,2017-04-27,35,"So in that category and some of the things that we are investing the most in are, as you say, the Echo and Alexa devices.",0.007197456390600856,neutral
20170427_AMZN,AMZN,2017-04-27,36,"We're doubling down on that investment, video content and marketing, not only in the U.<UNK> but globally with the launch of our Prime Video in the fall.",0.007197456390600856,neutral
20170427_AMZN,AMZN,2017-04-27,37,So we're building global scale in that business in both content and marketing.,0.007197456390600856,neutral
20170427_AMZN,AMZN,2017-04-27,38,"As I said earlier, we're expanding Prime benefits in the U.<UNK> and also globally, things like Prime Music, Prime Now, AmazonFresh, all expanding globally.",0.007197456390600856,neutral
20170427_AMZN,AMZN,2017-04-27,39,"And we've launched Prime in India, China and Mexico.",0.007197456390600856,neutral
20170427_AMZN,AMZN,2017-04-27,40,"I know I'm drifting a bit from North America, but it's all part of the same theme.",0.007197456390600856,neutral
20170427_AMZN,AMZN,2017-04-27,41,We also have this trend going on in our fulfillment networks where strong FBA growth and high growth in Amazon fulfilled units is resulting in a large increase in fulfillment capacity.,0.007197456390600856,neutral
20170427_AMZN,AMZN,2017-04-27,42,"We're also investing in new technologies, such as artificial intelligence, machine learning.",0.007197456390600856,neutral
20170427_AMZN,AMZN,2017-04-27,43,"You're starting to see some of that show up in things like Amazon Go, our beta store that we've developed in Seattle; drones.",0.007197456390600856,neutral
20170427_AMZN,AMZN,2017-04-27,44,"We use those technologies a lot in our internal businesses, and we're also developing services for AWS customers.",0.007197456390600856,neutral
20170427_AMZN,AMZN,2017-04-27,45,"So -- and that's -- of course, another area as AWS continues to grow and add services and features and doing so at an accelerating rate.",0.007197456390600856,neutral
20170427_AMZN,AMZN,2017-04-27,46,"So there's a long list and I can keep going, but I think the general theme is we're -- there's a lot of investment in front of us that we're optimistic about and we continue to ramp those investments.",0.007197456390600856,neutral
20170427_AMZN,AMZN,2017-04-27,47,"In North America, that manifests itself mostly in the device area, the content area and also the expansion of the fulfillment networks.",0.007197456390600856,neutral
20170427_AMZN,AMZN,2017-04-27,48,"So particularly as it pertains to our fulfillment center networks, I think the biggest areas of efficiency right now are in our Amazon robotics areas.",0.007197456390600856,neutral
20170427_AMZN,AMZN,2017-04-27,49,"That technology continues to improve, and we've -- we're now multiple generations down.",0.007197456390600856,neutral
20170427_AMZN,AMZN,2017-04-27,50,We just launched a Amazon robotics fulfillment center in the Tokyo area recently.,0.007197456390600856,neutral
20170427_AMZN,AMZN,2017-04-27,51,"And so toward that last month, and it's just amazing to see the strides that the Amazon robotics has taken and the efficiency we're getting in our warehouse as a result.",0.007197456390600856,neutral
20170427_AMZN,AMZN,2017-04-27,52,"The other efficiencies we're seeing are network efficiencies, especially as we had things like sort centers.",0.007197456390600856,neutral
20170427_AMZN,AMZN,2017-04-27,53,It's a collaboration and a movement between warehouses and sort centers and then to the end customer.,0.007197456390600856,neutral
20170427_AMZN,AMZN,2017-04-27,54,The ability to have control through our sort centers has allowed us over the last few years to cut off our -- to extend our cut off times from 3 p.,0.007197456390600856,neutral
20170427_AMZN,AMZN,2017-04-27,55,", in most cases, till midnight.",0.007197456390600856,neutral
20170427_AMZN,AMZN,2017-04-27,56,So greater control of our processes.,0.007197456390600856,neutral
20170427_AMZN,AMZN,2017-04-27,57,"If we do it cost-effectively, it can also have favorable benefits both for our warehouse flow and also for our customers and their ordering pattern.",0.007197456390600856,neutral
20170427_AMZN,AMZN,2017-04-27,58,So there's a lot of efficiencies that are going on day-to-day around here.,0.007197456390600856,neutral
20170427_AMZN,AMZN,2017-04-27,59,One of the benefits of rapid growth and -- is the ability to create leverage on purchases and a lot of the processes that we run.,0.007197456390600856,neutral
20170427_AMZN,AMZN,2017-04-27,60,So your second question was on stores.,0.007197456390600856,neutral
20170427_AMZN,AMZN,2017-04-27,61,"Yes, yes, I think you're seeing the expansion of our bookstores.",0.007197456390600856,neutral
20170427_AMZN,AMZN,2017-04-27,62,"We have 6 bookstores right now, and we've announced another 6.",0.007197456390600856,neutral
20170427_AMZN,AMZN,2017-04-27,63,The Amazon Go is in beta in Seattle.,0.007197456390600856,neutral
20170427_AMZN,AMZN,2017-04-27,64,"And while that's not large and it's only one site, we're excited about the potential there and the use of the technologies of computer vision, sensor fusion and deep learning.",0.007197456390600856,neutral
20170427_AMZN,AMZN,2017-04-27,65,We think that has a lot of potential.,0.007197456390600856,neutral
20170427_AMZN,AMZN,2017-04-27,66,"Again, it's only one location.",0.007197456390600856,neutral
20170427_AMZN,AMZN,2017-04-27,67,"But along with the bookstores, we also have -- you'll see us in pop-up stores and college pickup points.",0.007197456390600856,neutral
20170427_AMZN,AMZN,2017-04-27,68,"So for us, it's another way to reach the customer and test what resonates with them, and we're pleased with the results.",0.007197456390600856,neutral
20170427_AMZN,AMZN,2017-04-27,69,"Yes, we haven't updated that number, but suffice to say, the innovation pace continues to accelerate.",0.007197456390600856,neutral
20170427_AMZN,AMZN,2017-04-27,70,"We are very proud of the launches in Q4: the Amazon Connect, which we think will provide customer service-like capability to customers; and Amazon Chime, which we also believe will resonate with customers.",0.007197456390600856,neutral
20170427_AMZN,AMZN,2017-04-27,71,We've had a lot of adoption of our new services.,0.007197456390600856,neutral
20170427_AMZN,AMZN,2017-04-27,72,"We've got customers migrated more than 23,000 databases using the AWS data -- database migration service since that launched last year.",0.007197456390600856,neutral
20170427_AMZN,AMZN,2017-04-27,73,"And just generally, we continue to expand geographically.",0.007197456390600856,neutral
20170427_AMZN,AMZN,2017-04-27,74,We've announced additional Availability Zones and regions worldwide.,0.007197456390600856,neutral
20170427_AMZN,AMZN,2017-04-27,75,"So again, we signed a number of big customers.",0.007197456390600856,neutral
20170427_AMZN,AMZN,2017-04-27,76,"I guess I would point out in the quarter Liberty Mutual, Snap and Live Nation, all starting relationships with us or expanding their current relationship.",0.007197456390600856,neutral
20170427_AMZN,AMZN,2017-04-27,77,"We're now over $14 billion run rate, but we're happy with the business and the team.",0.007197456390600856,neutral
20170427_AMZN,AMZN,2017-04-27,78,"And again, for us innovation is going to be key as we move forward.",0.007197456390600856,neutral
20170427_AMZN,AMZN,2017-04-27,79,"Yes, we're -- it's pretty early in the days with advertising, but we're very pleased with the team we have and the results.",0.007197456390600856,neutral
20170427_AMZN,AMZN,2017-04-27,80,"Our goal is to help -- is to be helpful to consumers and enhance their shopping or their viewing experience with targeted recommendations, and we think a lot of the information we have and preferences of customers and recommendations help us do that for customers.",0.007197456390600856,neutral
20170427_AMZN,AMZN,2017-04-27,81,"We have -- Sponsored Products is off to a great start, and it's a very effective way for advertisers to reach those especially interested customers.",0.007197456390600856,neutral
20170427_AMZN,AMZN,2017-04-27,82,"While you're on the topic of advertising, I thought I'd point out that in other revenue -- advertising is in other revenue, as is co-branded credit card agreements and also some other advertising services.",0.007197456390600856,neutral
20170427_AMZN,AMZN,2017-04-27,83,"That decelerated from 99% to -- in Q4 to 58% in Q1, but the fluctuation and the volatility was essentially in the co-branded credit card agreements and the other services, which can fluctuate quarter-to-quarter based on contract terms and that's what happened.",0.007197456390600856,neutral
20170427_AMZN,AMZN,2017-04-27,84,Advertising was -- remains strong and was consistent growth with Q4.,0.007197456390600856,neutral
20170427_AMZN,AMZN,2017-04-27,85,"Yes, sorry, I don't have a usage number to share with you today.",0.007197456390600856,neutral
20170427_AMZN,AMZN,2017-04-27,86,"If it'll help, I will tell you that, again, we're now over $14 billion run rate.",0.007197456390600856,neutral
20170427_AMZN,AMZN,2017-04-27,87,You clearly see our -- we break out very clearly our AWS segment revenue and operating income.,0.007197456390600856,neutral
20170427_AMZN,AMZN,2017-04-27,88,"And you'll also keep in mind that there's price decreases that are part of the business, and we're pretty public when we do those.",0.007197456390600856,neutral
20170427_AMZN,AMZN,2017-04-27,89,"And if you remember last call, I mentioned that we had 7 price increase -- or excuse me, price decreases that were timed for December 1.",0.007197456390600856,neutral
20170427_AMZN,AMZN,2017-04-27,90,"So about 1/3 of the impact of those was seen in Q4 and then, again, that's one element of the sequential operating margin.",0.007197456390600856,neutral
20170427_AMZN,AMZN,2017-04-27,91,"But in general, we're very happy with that team and the progress they're making.",0.007197456390600856,neutral
20170427_AMZN,AMZN,2017-04-27,92,"And we're deploying more capital, as you can see, to support the usage growth.",0.007197456390600856,neutral
20170427_AMZN,AMZN,2017-04-27,93,"Yes, CapEx, which is principally the fulfillment centers, was -- grew 51% year-over-year.",0.007197456390600856,neutral
20170427_AMZN,AMZN,2017-04-27,94,"As you'll remember, we added 26 warehouses last -- fulfillment centers last year, 23 in the second half of the year.",0.007197456390600856,neutral
20170427_AMZN,AMZN,2017-04-27,95,Some of that cost of startup is before the startup.,0.007197456390600856,neutral
20170427_AMZN,AMZN,2017-04-27,96,Some comes in a quarter afterwards.,0.007197456390600856,neutral
20170427_AMZN,AMZN,2017-04-27,97,So there was some carryover from that.,0.007197456390600856,neutral
20170427_AMZN,AMZN,2017-04-27,98,"But generally, the biggest trend here is that the difference -- differential between Amazon fulfilled network unit growth and paid unit growth.",0.007197456390600856,neutral
20170427_AMZN,AMZN,2017-04-27,99,So that nearly 40% growth in Amazon fulfilled units last year and the continuation of the strong growth higher than the paid unit growth that we see in 2017 is resulting in a lot of fulfillment center capacity.,0.007197456390600856,neutral
20170427_AMZN,AMZN,2017-04-27,100,"And the fulfillment centers, I will also say, with the robotics technology tend to be more capital intensive than prior versions of warehouses and then they're -- generally have much better operating efficiencies and variable costs following their start up.",0.007197456390600856,neutral
20170427_AMZN,AMZN,2017-04-27,101,"On the capital leases, as grew 45%.",0.007197456390600856,neutral
20170427_AMZN,AMZN,2017-04-27,102,A good deal of that is tied to the AWS business.,0.007197456390600856,neutral
20170427_AMZN,AMZN,2017-04-27,103,"As I just mentioned, a lot of that's tied to unit -- excuse me -- usage growth.",0.007197456390600856,neutral
20170427_AMZN,AMZN,2017-04-27,104,"But I'll caution, CapEx can fluctuate quarter-to-quarter.",0.007197456390600856,neutral
20170427_AMZN,AMZN,2017-04-27,105,"And if you look back to last year, the trailing 12 months was only 7% growth from the quarters through Q1 of last year.",0.007197456390600856,neutral
20170427_AMZN,AMZN,2017-04-27,106,"So certainly, there was a bigger step up in 2016, now carrying into 2017.",0.007197456390600856,neutral
20170427_AMZN,AMZN,2017-04-27,107,Let me start with advertising.,0.007197456390600856,neutral
20170427_AMZN,AMZN,2017-04-27,108,"So yes, I think scale is helping.",0.007197456390600856,neutral
20170427_AMZN,AMZN,2017-04-27,109,We have great teams working on advertising for a while now.,0.007197456390600856,neutral
20170427_AMZN,AMZN,2017-04-27,110,"Our scale in number of customers, number of clicks, number of eyeballs and new content -- or excuse me, video content and other opportunities for advertising has really helped create some scale in that business.",0.007197456390600856,neutral
20170427_AMZN,AMZN,2017-04-27,111,"I can't project it forward, but we're happy with the growth there.",0.007197456390600856,neutral
20170427_AMZN,AMZN,2017-04-27,112,"I think the Sponsored Products was a very inventive move for us, and I think that is having some really good impact on advertising growth.",0.007197456390600856,neutral
20170427_AMZN,AMZN,2017-04-27,113,"On your second point about fulfillment capacity, here's how I'd generally -- I'd generalize it.",0.007197456390600856,neutral
20170427_AMZN,AMZN,2017-04-27,114,"We -- in Q4 of 2015, we were pretty vocal, or pretty transparent anyway, that we ran out of space in Q4, especially due to some very strong demand for FBA space and services.",0.007197456390600856,neutral
20170427_AMZN,AMZN,2017-04-27,115,"Last year, we changed some of our incentives to -- and worked with FBA merchants to try and have their throughput to our FCs, particularly in Q4.",0.007197456390600856,neutral
20170427_AMZN,AMZN,2017-04-27,116,"That, combined with the step up in fulfillment centers that I mentioned, the 26 new ones, left us in a really good position.",0.007197456390600856,neutral
20170427_AMZN,AMZN,2017-04-27,117,"We had a very clean holiday, and we think it worked well for both customers, Amazon and also for sellers, especially for FBA sellers.",0.007197456390600856,neutral
20170427_AMZN,AMZN,2017-04-27,118,"So yes, that leaves us now continuing to grow internationally as well because we continue to see strong FBA adoption, and it's a big part of our business, and it's a big part of our value with the additional Prime eligible ASINs that FBA provides.",0.007197456390600856,neutral
20170427_AMZN,AMZN,2017-04-27,119,"So again, it's -- they're self-reinforcing, the FBA program and also our Prime program.",0.007197456390600856,neutral
20170427_AMZN,AMZN,2017-04-27,120,"Prime program attracts more people to Amazon, and they buy more, including FBA products.",0.007197456390600856,neutral
20170427_AMZN,AMZN,2017-04-27,121,"And conversely, more FBA products in our warehouses helps our in stock of things that people want to buy, Prime eligible in stock, and that helps reinforce the Prime program.",0.007197456390600856,neutral
20170427_AMZN,AMZN,2017-04-27,122,"As you pointed out, we're -- we've expanded our own fleet.",0.007197456390600856,neutral
20170427_AMZN,AMZN,2017-04-27,123,"We now have 18 planes in service for Amazon, and we've announced rights to lease up to 40 planes.",0.007197456390600856,neutral
20170427_AMZN,AMZN,2017-04-27,124,"The ability to control shipments within our network has gone up, and we think the cost is very good.",0.007197456390600856,neutral
20170427_AMZN,AMZN,2017-04-27,125,"So on that front, it's better control -- better capacity control and especially search capacity and also good costs.",0.007197456390600856,neutral
20170427_AMZN,AMZN,2017-04-27,126,So we have great relationships with third-party carriers.,0.007197456390600856,neutral
20170427_AMZN,AMZN,2017-04-27,127,"We will continue to, and we value all of our partner relationships as we develop our own capability, particularly in intra-network.",0.007197456390600856,neutral
20170427_AMZN,AMZN,2017-04-27,128,"We're putting it to good use, as I mentioned before, with the sortation center example.",0.007197456390600856,neutral
20170427_AMZN,AMZN,2017-04-27,129,Let me start with your middle question.,0.007197456390600856,neutral
20170427_AMZN,AMZN,2017-04-27,130,I think it was about Latin America growth.,0.007197456390600856,neutral
20170427_AMZN,AMZN,2017-04-27,131,Let me step back and talk about international growth in general.,0.007197456390600856,neutral
20170427_AMZN,AMZN,2017-04-27,132,So it -- our approach varies by country.,0.007197456390600856,neutral
20170427_AMZN,AMZN,2017-04-27,133,"If you look historically, we've taken multiple approaches.",0.007197456390600856,neutral
20170427_AMZN,AMZN,2017-04-27,134,"So in China, we bought an existing business, Joyo.com, and built off that base.",0.007197456390600856,neutral
20170427_AMZN,AMZN,2017-04-27,135,"In India, we started from scratch and have built a lot of things ourselves.",0.007197456390600856,neutral
20170427_AMZN,AMZN,2017-04-27,136,"And it's always going to depend on the country, the dynamics in that country both for retail, for online and for foreign investment.",0.007197456390600856,neutral
20170427_AMZN,AMZN,2017-04-27,137,But a real key factor in all of this generally is management bandwidth as well.,0.007197456390600856,neutral
20170427_AMZN,AMZN,2017-04-27,138,So we pick our spots carefully.,0.007197456390600856,neutral
20170427_AMZN,AMZN,2017-04-27,139,You'll see -- you heard in the quarter that we've announced the intention to buy Souq in the Middle East.,0.007197456390600856,neutral
20170427_AMZN,AMZN,2017-04-27,140,Where does that fit into the strategy.,0.007197456390600856,neutral
20170427_AMZN,AMZN,2017-04-27,141,"Well, Souq is a pioneered e-commerce in the Middle East, and they're creating great shipping experience for the customers and their multiple countries and they're doing a great job.",0.007197456390600856,neutral
20170427_AMZN,AMZN,2017-04-27,142,So we see this as an example where we can learn from them and also support their efforts with our Amazon technology and global resources.,0.007197456390600856,neutral
20170427_AMZN,AMZN,2017-04-27,143,"So we -- we are in Mexico, but we're not in other parts of Latin America.",0.007197456390600856,neutral
20170427_AMZN,AMZN,2017-04-27,144,"We're -- we have a business in Brazil, but other countries will take on a case-by-case basis, again, bounded by what our management bandwidth can support and prioritization versus other things.",0.007197456390600856,neutral
20170427_AMZN,AMZN,2017-04-27,145,You obviously heard my long list of investments.,0.007197456390600856,neutral
20170427_AMZN,AMZN,2017-04-27,146,All of those are pretty much gated by the need for people and software engineers and strong teams to approach them.,0.007197456390600856,neutral
20170427_AMZN,AMZN,2017-04-27,147,So international expansion gets played off in the same prioritization that other efforts do.,0.007197456390600856,neutral
20170427_AMZN,AMZN,2017-04-27,148,Let me start with the retail subscription services revenue.,0.007197456390600856,neutral
20170427_AMZN,AMZN,2017-04-27,149,"So there's multiple things in that category, the largest is Prime membership fees, but also other subscription services like audiobooks, e-books, digital video, digital music and other subscription services.",0.007197456390600856,neutral
20170427_AMZN,AMZN,2017-04-27,150,"So you're right, there was an acceleration.",0.007197456390600856,neutral
20170427_AMZN,AMZN,2017-04-27,151,"Much like the comment I had on advertising and the other revenue category, the Prime membership growth rates for Q1 and Q4 last year are relatively consistent.",0.007197456390600856,neutral
20170427_AMZN,AMZN,2017-04-27,152,So the volatility is in those other items.,0.007197456390600856,neutral
20170427_AMZN,AMZN,2017-04-27,153,So I'm not quantifying the Prime membership or commenting on the growth rates other than to say it's been very strong and Q4 strength has continued into Q1.,0.007197456390600856,neutral
20170427_AMZN,AMZN,2017-04-27,154,"Your comment on shipping costs, yes, that is going to -- that was a lower unit volume as well.",0.007197456390600856,neutral
20170427_AMZN,AMZN,2017-04-27,155,"But generally, costs are going to be a combination of the tailwind -- the headwinds obviously are going to be FBA growth and shipping more products ourselves and this expansion of our Prime program and the demand for products from our Prime customers.",0.007197456390600856,neutral
20170427_AMZN,AMZN,2017-04-27,156,"Again, there's over 50 million items that people can get delivered to their doorstep within 2 days or, in some cases, next day or same day.",0.007197456390600856,neutral
20170427_AMZN,AMZN,2017-04-27,157,"So it's going to be a big part of our cost structure, but it's an investment we work hard to reduce as far as rates and we're glad to spend it to support our Prime program.",0.007197456390600856,neutral
20170427_AMZN,AMZN,2017-04-27,158,"I'm sorry, you said Prime Now.",0.007197456390600856,neutral
20170427_AMZN,AMZN,2017-04-27,159,"Well, I don't have updated numbers for you, but the Prime Now is available in more than 45 cities across 8 countries.",0.007197456390600856,neutral
20170427_AMZN,AMZN,2017-04-27,160,The same day is available in 30 cities in the U.<UNK> So that's a bit on the quantification of those.,0.007197456390600856,neutral
20170427_AMZN,AMZN,2017-04-27,161,I can't tell you much more on sort centers.,0.007197456390600856,neutral
20170427_AMZN,AMZN,2017-04-27,162,"We're still growing that, and we're happy with the progress in Prime Now and the service that -- the value it creates for Prime customers.",0.007197456390600856,neutral
20170427_AMZN,AMZN,2017-04-27,163,"And as I said, we've expanded internationally, which is a big goal of ours as well.",0.007197456390600856,neutral
20170427_AMZN,AMZN,2017-04-27,164,So we will continue to grow that.,0.007197456390600856,neutral
20170427_AMZN,AMZN,2017-04-27,165,I can't quantify it for you right now.,0.007197456390600856,neutral
20170427_AMZN,AMZN,2017-04-27,166,The other similar-like facility metric you might want is AmazonFresh is now in 21 metro areas in the U.<UNK> as well as London and Tokyo.,0.007197456390600856,neutral
20170502_AAPL,AAPL,2017-05-02,0,"Good afternoon, and thank you for joining us.",-0.003050640632427941,neutral
20170502_AAPL,AAPL,2017-05-02,1,"Today, we are reporting strong March quarter results with accelerating revenue growth and earnings per share up 10% over last year.",-0.003050640632427941,neutral
20170502_AAPL,AAPL,2017-05-02,2,We feel great about this performance.,-0.003050640632427941,neutral
20170502_AAPL,AAPL,2017-05-02,3,"Revenue was $52.9 billion, near the high end of our guidance range.",-0.003050640632427941,neutral
20170502_AAPL,AAPL,2017-05-02,4,Global revenue was up 5% year-on-year with growth accelerating from our December quarter performance.,-0.003050640632427941,neutral
20170502_AAPL,AAPL,2017-05-02,5,That's despite a $1 billion year-over-year revenue headwind from foreign exchange in the March quarter and a larger iPhone channel inventory reduction this year versus last year.,-0.003050640632427941,neutral
20170502_AAPL,AAPL,2017-05-02,6,"iPhone sales were in line with our expectations, and we're thrilled to see the continued strong demand for iPhone 7 Plus with its beautiful large display and dual camera systems.",-0.003050640632427941,neutral
20170502_AAPL,AAPL,2017-05-02,7,"Our active installed base of iPhones grew by double digits year-over-year, and based on the latest data from IDC, we gained market share in nearly every country we track.",-0.003050640632427941,neutral
20170502_AAPL,AAPL,2017-05-02,8,"Late in the quarter, we released the stunning (PRODUCT)RED Special Edition versions of iPhone 7 and 7 Plus in recognition of 10 years of our partnership with (RED).",-0.003050640632427941,neutral
20170502_AAPL,AAPL,2017-05-02,9,This relationship has given our customers an unprecedented way to contribute to the Global Fund and bring the world a step closer to an AIDS-free generation.,-0.003050640632427941,neutral
20170502_AAPL,AAPL,2017-05-02,10,We've seen wonderful customer response to these eye-popping new iPhones.,-0.003050640632427941,neutral
20170502_AAPL,AAPL,2017-05-02,11,"For the second quarter in a row, our Services revenue topped $7 billion, and it's well on the way to being the size of a Fortune 100 company.",-0.003050640632427941,neutral
20170502_AAPL,AAPL,2017-05-02,12,We're very happy to see the deep level of customer engagement with the Apple ecosystem across all of our services.,-0.003050640632427941,neutral
20170502_AAPL,AAPL,2017-05-02,13,App Store momentum is terrific with revenue growing 40% year-over-year to an all-time quarterly record.,-0.003050640632427941,neutral
20170502_AAPL,AAPL,2017-05-02,14,"The number of developers offering apps for sale on our store was up 26% over last year, and we're thrilled to see their success.",-0.003050640632427941,neutral
20170502_AAPL,AAPL,2017-05-02,15,"We also saw double-digit revenue growth from Apple Music subscriptions and iCloud storage and overall, very strong growth in the total number of paid subscriptions for our own services and the third-party content we offer on our stores.",-0.003050640632427941,neutral
20170502_AAPL,AAPL,2017-05-02,16,Paid subscriptions now exceed 165 million.,-0.003050640632427941,neutral
20170502_AAPL,AAPL,2017-05-02,17,Apple Pay is experiencing phenomenal traction.,-0.003050640632427941,neutral
20170502_AAPL,AAPL,2017-05-02,18,"With the launch of Taiwan and Ireland in the March quarter, Apple Pay is now live in 15 markets with more than 20 million contactless-ready locations, including more than 4.5 million locations accepting Apple Pay in the U.S.",-0.003050640632427941,neutral
20170502_AAPL,AAPL,2017-05-02,19,We're seeing strong growing usage as points of acceptance expand with transaction volume up 450% over the last 12 months.,-0.003050640632427941,neutral
20170502_AAPL,AAPL,2017-05-02,20,"In the U.K., for example, points of acceptance have grown by 44% in the last year, while monthly Apple Pay transactions have grown by nearly 300%.",-0.003050640632427941,neutral
20170502_AAPL,AAPL,2017-05-02,21,"In Japan, where Apple Pay launched last October, more than 0.5 million transit users are completing 20 million Apple Pay transactions per month.",-0.003050640632427941,neutral
20170502_AAPL,AAPL,2017-05-02,22,And we're always excited to see our partners bring their customers new ways to use Apple Pay.,-0.003050640632427941,neutral
20170502_AAPL,AAPL,2017-05-02,23,You can now even send a Starbucks gift card via iMessage with just a touch.,-0.003050640632427941,neutral
20170502_AAPL,AAPL,2017-05-02,24,We're seeing great momentum from our powerful advances in Messages.,-0.003050640632427941,neutral
20170502_AAPL,AAPL,2017-05-02,25,"In fact, at one point during the Super Bowl in February, customers were sending 380,000 messages per second, more than double the previous year.",-0.003050640632427941,neutral
20170502_AAPL,AAPL,2017-05-02,26,"A few weeks ago, we introduced Clips, a new app that's another great example of how we're continually making our products even more engaging, and it's off to a great start.",-0.003050640632427941,neutral
20170502_AAPL,AAPL,2017-05-02,27,"With Clips, it's fun and easy to combine video, photos and music on an iPhone or an iPad into great-looking expressive videos with great visual effects and titles just using your voice, then share your Clips with friends through the Messages app or on social media.",-0.003050640632427941,neutral
20170502_AAPL,AAPL,2017-05-02,28,We had great Mac results during the quarter.,-0.003050640632427941,neutral
20170502_AAPL,AAPL,2017-05-02,29,"Revenue grew 14% to a new March quarter record and gained market share, thanks to strong demand for our new MacBook Pros.",-0.003050640632427941,neutral
20170502_AAPL,AAPL,2017-05-02,30,Our Mac business has generated over $25 billion of revenue over the past 4 quarters.,-0.003050640632427941,neutral
20170502_AAPL,AAPL,2017-05-02,31,"We're investing aggressively in its future, and we are very excited about the innovation we can bring to the platform.",-0.003050640632427941,neutral
20170502_AAPL,AAPL,2017-05-02,32,"We also updated our most popular-sized iPad with a brighter Retina display and best-in-class performance at its most affordable price ever, and customer response to date has been very strong.",-0.003050640632427941,neutral
20170502_AAPL,AAPL,2017-05-02,33,"iPad results were ahead of our expectation, and we believe we gained share during the March quarter in a number of major markets, including the U.S., Japan and Australia.",-0.003050640632427941,neutral
20170502_AAPL,AAPL,2017-05-02,34,"iPad remains the world's most popular tablet, and it's the primary computing device for millions of customers across the globe.",-0.003050640632427941,neutral
20170502_AAPL,AAPL,2017-05-02,35,"Building on the momentum from the holiday quarter, Apple Watch sales nearly doubled year-over-year.",-0.003050640632427941,neutral
20170502_AAPL,AAPL,2017-05-02,36,"Apple Watch is the best-selling and most loved smartwatch in the world, and we hear wonderful stories from our customers about its impact on their fitness and health.",-0.003050640632427941,neutral
20170502_AAPL,AAPL,2017-05-02,37,We're also seeing great response to AirPods with a 98% customer satisfaction rating based on a recent Creative Strategies survey.,-0.003050640632427941,neutral
20170502_AAPL,AAPL,2017-05-02,38,"Demand for AirPods significantly exceed supply, and growth in Beats products has also been very strong.",-0.003050640632427941,neutral
20170502_AAPL,AAPL,2017-05-02,39,"In fact, when we combine Apple Watch, AirPods and Beats headphones, our revenue from wearable products in the last 4 quarters was the size of a Fortune 500 company.",-0.003050640632427941,neutral
20170502_AAPL,AAPL,2017-05-02,40,"In Greater China, we were very pleased to see strong double-digit revenue growth from both Mac and Services during the March quarter.",-0.003050640632427941,neutral
20170502_AAPL,AAPL,2017-05-02,41,"We also had great results from our retail stores in Mainland China, with total store revenue up 27% over last year and comp store revenue up 7%.",-0.003050640632427941,neutral
20170502_AAPL,AAPL,2017-05-02,42,These results contributed to our improving performance in Greater China.,-0.003050640632427941,neutral
20170502_AAPL,AAPL,2017-05-02,43,"Through the first 2 quarters of fiscal 2017, our year-over-year comparisons improved significantly over the last 2 quarters of fiscal 2016.",-0.003050640632427941,neutral
20170502_AAPL,AAPL,2017-05-02,44,"First half revenue was down 13% year-over-year, about 1/3 of which was attributable to FX.",-0.003050640632427941,neutral
20170502_AAPL,AAPL,2017-05-02,45,That's in contrast to a 32% revenue decline in the second half of last year.,-0.003050640632427941,neutral
20170502_AAPL,AAPL,2017-05-02,46,Our March quarter results were in line with our expectations and similar to the year-over-year performance we experienced in the December quarter.,-0.003050640632427941,neutral
20170502_AAPL,AAPL,2017-05-02,47,We continue to be very enthusiastic about our opportunity in China.,-0.003050640632427941,neutral
20170502_AAPL,AAPL,2017-05-02,48,"We set a new March quarter record for India, where revenue grew by strong double digits.",-0.003050640632427941,neutral
20170502_AAPL,AAPL,2017-05-02,49,"We continue to strengthen our local presence across the entire ecosystem, and we're very optimistic about our future in this remarkable country, with its very large, young and tech-savvy population, fast-growing economy and improving 4G network infrastructure.",-0.003050640632427941,neutral
20170502_AAPL,AAPL,2017-05-02,50,Apple Retail is entering an exciting chapter with new experiences for customers and breathtaking new store designs.,-0.003050640632427941,neutral
20170502_AAPL,AAPL,2017-05-02,51,"With the opening of our newest store in Dubai this past weekend, we now have 495 retail locations worldwide.",-0.003050640632427941,neutral
20170502_AAPL,AAPL,2017-05-02,52,The new Apple Dubai Mall is a truly international store with employees who collectively speak 45 languages and are already welcoming customers from around the world.,-0.003050640632427941,neutral
20170502_AAPL,AAPL,2017-05-02,53,"As <UNK> will discuss in a moment, today, we're also providing an update to our capital return program.",-0.003050640632427941,neutral
20170502_AAPL,AAPL,2017-05-02,54,"Given our strong confidence in our future, we're increasing the program size by $50 billion, bringing the total to $300 billion, and we're extending the time frame through March of 2019.",-0.003050640632427941,neutral
20170502_AAPL,AAPL,2017-05-02,55,We're adding to our share repurchase authorization and increasing our dividend for the fifth time in less than 5 years.,-0.003050640632427941,neutral
20170502_AAPL,AAPL,2017-05-02,56,We're very excited about our upcoming Worldwide Developers Conference taking place in San Jose next month.,-0.003050640632427941,neutral
20170502_AAPL,AAPL,2017-05-02,57,"The conference is significantly oversubscribed, and we'll be welcoming thousands of attendees.",-0.003050640632427941,neutral
20170502_AAPL,AAPL,2017-05-02,58,"We look forward to helping them learn about breakthrough technologies across all 4 of our software platforms: iOS, macOS, watchOS and tvOS, that enable developers to create incredible experiences for every aspect of customers' lives and improve the way they manage their homes, cars, health and more.",-0.003050640632427941,neutral
20170502_AAPL,AAPL,2017-05-02,59,I'm very proud to mention that we recently released our 10th annual Environmental Responsibility Report reflecting our amazing progress.,-0.003050640632427941,neutral
20170502_AAPL,AAPL,2017-05-02,60,"In 2016, 96% of the electricity used at Apple's global facilities came from renewable sources of energy, reducing our carbon emissions by nearly 585,000 metric tons.",-0.003050640632427941,neutral
20170502_AAPL,AAPL,2017-05-02,61,"We're now 100% renewable in 24 countries, including all of Apple's data centers.",-0.003050640632427941,neutral
20170502_AAPL,AAPL,2017-05-02,62,"There's much more work to be done, but we're committed to leaving the world better than we found it.",-0.003050640632427941,neutral
20170502_AAPL,AAPL,2017-05-02,63,"Closer to home, we're excited about moving into our new corporate headquarters, Apple Park, our new center for innovation.",-0.003050640632427941,neutral
20170502_AAPL,AAPL,2017-05-02,64,"The main building on Apple Park is designed to house 13,000 employees under one roof in an environment that fosters even greater collaboration among our incredibly talented teams.",-0.003050640632427941,neutral
20170502_AAPL,AAPL,2017-05-02,65,We have many more ongoing investments in the United States economy since Apple is a company that could only have been created in America.,-0.003050640632427941,neutral
20170502_AAPL,AAPL,2017-05-02,66,"Through our innovative products and the success of our business, we're incredibly proud to support more than 2 million jobs in all 50 states, and we expect to create even more.",-0.003050640632427941,neutral
20170502_AAPL,AAPL,2017-05-02,67,"Last fiscal year, we spent more than $50 billion in the United States with American suppliers, developers and partners, and we continue to invest confidently in our future.",-0.003050640632427941,neutral
20170502_AAPL,AAPL,2017-05-02,68,"Now for more details on the March quarter results, I'd like to turn the call over to <UNK>.",-0.003050640632427941,neutral
20170502_AAPL,AAPL,2017-05-02,69,"Revenue for the March quarter was $52.9 billion, and we achieved double-digit growth in the U.S., Canada, Australia, Germany, The Netherlands, Turkey, Russia and Mexico.",-0.003050640632427941,neutral
20170502_AAPL,AAPL,2017-05-02,70,"Our growth rates were even higher, over 20%, in many other markets, including Brazil, Scandinavia, the Middle East, Central and Eastern Europe, India, Korea and Thailand.",-0.003050640632427941,neutral
20170502_AAPL,AAPL,2017-05-02,71,"Gross margin was 38.9%, at the high end of our guidance range.",-0.003050640632427941,neutral
20170502_AAPL,AAPL,2017-05-02,72,"That's a sequential increase from 38.5% in the December quarter, which is particularly impressive given the seasonal loss of leverage, sequential foreign exchange headwinds of 100 basis points and cost pressures on certain commodities.",-0.003050640632427941,neutral
20170502_AAPL,AAPL,2017-05-02,73,"Operating margin was 26.7% of revenue, and net income was $11 billion.",-0.003050640632427941,neutral
20170502_AAPL,AAPL,2017-05-02,74,"Diluted earnings per share were $2.10, an increase of 10% over last year, and cash flow from operations was strong at $12.5 billion.",-0.003050640632427941,neutral
20170502_AAPL,AAPL,2017-05-02,75,"For details by product, I'll start with iPhone.",-0.003050640632427941,neutral
20170502_AAPL,AAPL,2017-05-02,76,"We sold 50.8 million iPhones, and we reduced iPhone channel inventory by 1.2 million units in the quarter compared to a reduction of about 450,000 a year ago.",-0.003050640632427941,neutral
20170502_AAPL,AAPL,2017-05-02,77,So our iPhone performance was slightly better than last year on a sell-through basis.,-0.003050640632427941,neutral
20170502_AAPL,AAPL,2017-05-02,78,"We had very solid iPhone growth in 4 of our 5 operating segments and experienced especially strong results in Western Europe, the Middle East and our Rest of Asia Pacific segment, all areas of the world where iPhone sales were up double digits.",-0.003050640632427941,neutral
20170502_AAPL,AAPL,2017-05-02,79,"iPhone ASP was $655, up from $642 a year ago, thanks to a strong mix of iPhone 7 Plus and in spite of unfavorable foreign exchange rates.",-0.003050640632427941,neutral
20170502_AAPL,AAPL,2017-05-02,80,We exited the March quarter within our 5- to 7-week target channel inventory range.,-0.003050640632427941,neutral
20170502_AAPL,AAPL,2017-05-02,81,"Customer interest and satisfaction with iPhone are very strong not only with consumers, but also with business users.",-0.003050640632427941,neutral
20170502_AAPL,AAPL,2017-05-02,82,"In the U.S., the latest data from 451 Research on consumers indicates a 96% customer satisfaction rating among iPhone 7 owners and 98% for iPhone 7 Plus.",-0.003050640632427941,neutral
20170502_AAPL,AAPL,2017-05-02,83,"Among corporate smartphone buyers, iPhone customer satisfaction was 95%, and of those planning to purchase smartphones in the June quarter, 79% plan to purchase iPhone.",-0.003050640632427941,neutral
20170502_AAPL,AAPL,2017-05-02,84,"We generated $7 billion in revenue, an increase of 18% year-over-year and our best results ever for a 13-week quarter.",-0.003050640632427941,neutral
20170502_AAPL,AAPL,2017-05-02,85,"We're very happy with this strong level of growth, especially given the tough compare to last year as the busy week between Christmas and New Year's fell within the March fiscal quarter a year ago but was included in the December fiscal quarter this year.",-0.003050640632427941,neutral
20170502_AAPL,AAPL,2017-05-02,86,"As we said last quarter, our goal is to double the size of our Services business by 2020.",-0.003050640632427941,neutral
20170502_AAPL,AAPL,2017-05-02,87,The App Store established a new all-time revenue record and grew 40% year-over-year.,-0.003050640632427941,neutral
20170502_AAPL,AAPL,2017-05-02,88,We continue to see growth in average revenue per paying account as well as the number of paying accounts across our content stores during the quarter.,-0.003050640632427941,neutral
20170502_AAPL,AAPL,2017-05-02,89,"In fact, the quarterly increase in the number of paying accounts was the largest that we've ever experienced.",-0.003050640632427941,neutral
20170502_AAPL,AAPL,2017-05-02,90,"And according to App Annie's latest report, the App Store continues to be the preferred destination for customer purchases, generating twice the revenue of Google Play during the March quarter.",-0.003050640632427941,neutral
20170502_AAPL,AAPL,2017-05-02,91,"Next, I'd like to talk about the Mac.",-0.003050640632427941,neutral
20170502_AAPL,AAPL,2017-05-02,92,Revenue was up 14% year-over-year and set a new March quarter record.,-0.003050640632427941,neutral
20170502_AAPL,AAPL,2017-05-02,93,"We sold 4.2 million Macs, up 4% over last year compared to 0 growth in the PC market according to IDC's latest forecast.",-0.003050640632427941,neutral
20170502_AAPL,AAPL,2017-05-02,94,"Demand for MacBook Pro was very strong, helping to drive overall portables growth of 10%, twice the growth of the portables market.",-0.003050640632427941,neutral
20170502_AAPL,AAPL,2017-05-02,95,We ended the quarter at the low end of our 4- to 5-week target range for Mac channel inventory.,-0.003050640632427941,neutral
20170502_AAPL,AAPL,2017-05-02,96,"Turning to iPad, we sold 8.9 million units, which was ahead of our expectations despite supply constraints throughout the quarter.",-0.003050640632427941,neutral
20170502_AAPL,AAPL,2017-05-02,97,We are very pleased to see iPad growth in the U.S.,-0.003050640632427941,neutral
20170502_AAPL,AAPL,2017-05-02,98,during the March quarter and revenue growth worldwide for our 9.7-inch and larger iPads over the last 4 quarters.,-0.003050640632427941,neutral
20170502_AAPL,AAPL,2017-05-02,99,"iPad channel inventory was essentially flat from the beginning to the end of the quarter, and we exited just below our 5- to 7-week target range.",-0.003050640632427941,neutral
20170502_AAPL,AAPL,2017-05-02,100,iPad remains very successful in the segment of the tablet market where we compete.,-0.003050640632427941,neutral
20170502_AAPL,AAPL,2017-05-02,101,Recent data from NPD indicates that iPad had 81% share of the U.S.,-0.003050640632427941,neutral
20170502_AAPL,AAPL,2017-05-02,102,market for tablets priced above $200.,-0.003050640632427941,neutral
20170502_AAPL,AAPL,2017-05-02,103,"And in February, 451 Research measured consumer satisfaction rates for iPad that ranged from 95% for the 9.7-inch iPad Pro to 100% for the 12.9-inch version.",-0.003050640632427941,neutral
20170502_AAPL,AAPL,2017-05-02,104,"consumers planning to purchase a tablet within the next 6 months, purchase intention for iPad was 69%.",-0.003050640632427941,neutral
20170502_AAPL,AAPL,2017-05-02,105,Corporate buyers reported a 96% satisfaction rate and a purchase intent of 68% for the June quarter.,-0.003050640632427941,neutral
20170502_AAPL,AAPL,2017-05-02,106,All our products continue to be extremely popular and drive mobile transformation in the enterprise market.,-0.003050640632427941,neutral
20170502_AAPL,AAPL,2017-05-02,107,"We set a new enterprise revenue record for the March quarter, and we expect this momentum to continue for the remainder of the year.",-0.003050640632427941,neutral
20170502_AAPL,AAPL,2017-05-02,108,"Recently, Volkswagen selected iPhone as their corporate standard smartphone.",-0.003050640632427941,neutral
20170502_AAPL,AAPL,2017-05-02,109,"So 620,000 employees around the world had the opportunity to enjoy the best-in-class mobile experience that iPhone offers.",-0.003050640632427941,neutral
20170502_AAPL,AAPL,2017-05-02,110,"And Capital One has reimagined the customer banking experience by empowering their associates with Mac and Apple Watch and over 40 native iOS applications now running on nearly 30,000 iPhones and iPads.",-0.003050640632427941,neutral
20170502_AAPL,AAPL,2017-05-02,111,We're also seeing strong momentum with our enterprise partners who are helping us deliver long-lasting innovation and differentiation for iOS versus competing platforms.,-0.003050640632427941,neutral
20170502_AAPL,AAPL,2017-05-02,112,The Deloitte partnership is off to a great start with more than 115 customer opportunities in the pipeline across 15 different industries.,-0.003050640632427941,neutral
20170502_AAPL,AAPL,2017-05-02,113,"SAP released the SAP cloud platform, SDK for iOS, at the end of March, and over 3 million SAP developers now have an even better means to develop powerful iOS-native apps for the enterprise.",-0.003050640632427941,neutral
20170502_AAPL,AAPL,2017-05-02,114,"The partnership with Cisco enables optimized performance of iOS devices over their networks and is generating a large and growing pipeline of sales opportunities across multiple verticals, including health care and financial services.",-0.003050640632427941,neutral
20170502_AAPL,AAPL,2017-05-02,115,"And our partnership with IBM continues to drive greater productivity and innovation with IBM MobileFirst for iOS apps now in more than 3,300 client engagements.",-0.003050640632427941,neutral
20170502_AAPL,AAPL,2017-05-02,116,"And with its Mobile at Scale offering, IBM recently closed an agreement to deploy 11,000 iOS devices at Santander Bank to drive digital transformation.",-0.003050640632427941,neutral
20170502_AAPL,AAPL,2017-05-02,117,Our retail and online stores produced great results with strong revenue growth in all our geographic segments and 18% growth overall.,-0.003050640632427941,neutral
20170502_AAPL,AAPL,2017-05-02,118,"Visitors to our retail and online stores were up 16% over last year, and we added 4 new stores during the March quarter.",-0.003050640632427941,neutral
20170502_AAPL,AAPL,2017-05-02,119,"And with the opening of our store in Dubai last week, we're now at 495 stores in 18 countries.",-0.003050640632427941,neutral
20170502_AAPL,AAPL,2017-05-02,120,Let me now turn to our cash position.,-0.003050640632427941,neutral
20170502_AAPL,AAPL,2017-05-02,121,"We ended the quarter with $256.8 billion in cash plus marketable securities, a sequential increase of $10.8 billion.",-0.003050640632427941,neutral
20170502_AAPL,AAPL,2017-05-02,122,$239.6 billion of this cash or 93% of the total was outside the United States.,-0.003050640632427941,neutral
20170502_AAPL,AAPL,2017-05-02,123,"We issued $11 billion in debt during the quarter, bringing us to $88.5 billion in term debt and $10 billion in commercial paper outstanding.",-0.003050640632427941,neutral
20170502_AAPL,AAPL,2017-05-02,124,We returned over $10 billion to investors during the quarter.,-0.003050640632427941,neutral
20170502_AAPL,AAPL,2017-05-02,125,"We paid $3 billion in dividends and equivalents, and we spent $4 billion on repurchases of 31.1 million Apple shares through open market transactions.",-0.003050640632427941,neutral
20170502_AAPL,AAPL,2017-05-02,126,"We also launched a new $3 billion ASR, resulting in initial delivery and retirement of 17.5 million shares.",-0.003050640632427941,neutral
20170502_AAPL,AAPL,2017-05-02,127,And we retired 6.3 million shares upon the completion of our ninth accelerated share repurchase program in February.,-0.003050640632427941,neutral
20170502_AAPL,AAPL,2017-05-02,128,All these activities contributed to a net diluted share count reduction of 66.3 million shares in the quarter.,-0.003050640632427941,neutral
20170502_AAPL,AAPL,2017-05-02,129,"We have now completed $211.2 billion of our $250 billion capital return program, including $151 billion in share repurchases.",-0.003050640632427941,neutral
20170502_AAPL,AAPL,2017-05-02,130,"As Tim mentioned, today, we're announcing an update to our program, which we're extending by 4 quarters through March of 2019 and increasing in size to a total of $300 billion.",-0.003050640632427941,neutral
20170502_AAPL,AAPL,2017-05-02,131,"Once again, given our strong confidence in Apple's future and the value we see in our stock, we're allocating the majority of the program expansion to share repurchases.",-0.003050640632427941,neutral
20170502_AAPL,AAPL,2017-05-02,132,"Our board has increased the share repurchase authorization by $35 billion, raising it from the current $175 billion level to $210 billion.",-0.003050640632427941,neutral
20170502_AAPL,AAPL,2017-05-02,133,We will also continue to net share settle vesting employees' restricted stock units.,-0.003050640632427941,neutral
20170502_AAPL,AAPL,2017-05-02,134,"In addition, we're raising our dividend for the fifth time in less than 5 years.",-0.003050640632427941,neutral
20170502_AAPL,AAPL,2017-05-02,135,"As we know, this is very important to many of our investors who value income.",-0.003050640632427941,neutral
20170502_AAPL,AAPL,2017-05-02,136,"The quarterly dividend will grow from $0.57 to $0.63 per share, an increase of 10.5%.",-0.003050640632427941,neutral
20170502_AAPL,AAPL,2017-05-02,137,"This is effective with our next dividend, which the board has declared today, payable on May 18, 2017, to shareholders of record as of May 15, 2017.",-0.003050640632427941,neutral
20170502_AAPL,AAPL,2017-05-02,138,"With over $12 billion in annual dividend payments, we're proud to be one of the largest dividend payers in the world, and we continue to plan for annual dividend increases going forward.",-0.003050640632427941,neutral
20170502_AAPL,AAPL,2017-05-02,139,"In total, with this updated program, during the next 8 quarters, we expect to return $89 billion to our investors, which represents about 12% of our market cap at the current stock price.",-0.003050640632427941,neutral
20170502_AAPL,AAPL,2017-05-02,140,We expect to continue to fund our capital return program with current U.S.,-0.003050640632427941,neutral
20170502_AAPL,AAPL,2017-05-02,141,cash generation and borrowing from both domestic and international debt markets.,-0.003050640632427941,neutral
20170502_AAPL,AAPL,2017-05-02,142,"We will continue to review capital allocation regularly, taking into account the needs of our business, investment opportunities and our financial outlook.",-0.003050640632427941,neutral
20170502_AAPL,AAPL,2017-05-02,143,We will also continue to solicit input on our program from a broad base of shareholders.,-0.003050640632427941,neutral
20170502_AAPL,AAPL,2017-05-02,144,"This approach will allow us to be flexible and thoughtful about the size, the mix and the pace of our program.",-0.003050640632427941,neutral
20170502_AAPL,AAPL,2017-05-02,145,"As we move ahead into the June quarter, I'd like to review our outlook, which includes the types of forward-looking information that <UNK> referred to at the beginning of the call.",-0.003050640632427941,neutral
20170502_AAPL,AAPL,2017-05-02,146,We expect revenue to be between $43.5 billion and $45.5 billion.,-0.003050640632427941,neutral
20170502_AAPL,AAPL,2017-05-02,147,We expect gross margin to be between 37.5% and 38.5%.,-0.003050640632427941,neutral
20170502_AAPL,AAPL,2017-05-02,148,We expect OpEx to be between $6.6 billion and $6.7 billion.,-0.003050640632427941,neutral
20170502_AAPL,AAPL,2017-05-02,149,"We expect OI&E to be about $450 million, and we expect the tax rate to be about 25.5%.",-0.003050640632427941,neutral
20170502_AAPL,AAPL,2017-05-02,150,"With that, I'd like to open the call to questions.",-0.003050640632427941,neutral
20170502_AAPL,AAPL,2017-05-02,151,"Thank you, Katy, a lot of questions.",-0.003050640632427941,neutral
20170502_AAPL,AAPL,2017-05-02,152,"Let me start with our performance for the March quarter, which we were very happy with.",-0.003050640632427941,neutral
20170502_AAPL,AAPL,2017-05-02,153,"As you said, we were up 40 basis points sequentially, and this is in spite of the fact, as you know, that we lose leverage as we go from the December quarter to the March quarter.",-0.003050640632427941,neutral
20170502_AAPL,AAPL,2017-05-02,154,The foreign exchange headwind on a sequential basis was 100 basis points.,-0.003050640632427941,neutral
20170502_AAPL,AAPL,2017-05-02,155,"Obviously, that was also a negative.",-0.003050640632427941,neutral
20170502_AAPL,AAPL,2017-05-02,156,"And as you said, we started to experience some level of cost pressure on the memory side, particularly on NAND and DRAM.",-0.003050640632427941,neutral
20170502_AAPL,AAPL,2017-05-02,157,"To offset that and actually do better than that, we had very good cost performance on other commodities.",-0.003050640632427941,neutral
20170502_AAPL,AAPL,2017-05-02,158,"And the fact that our Services mix increases as we go through the year, that is, of course, also helping given the profile of our gross margin for Services.",-0.003050640632427941,neutral
20170502_AAPL,AAPL,2017-05-02,159,So that answers the question around Q2.,-0.003050640632427941,neutral
20170502_AAPL,AAPL,2017-05-02,160,"As we move into the June quarter, as you know, we tend to have some level of gross margin compression as we go from the March quarter to the June quarter.",-0.003050640632427941,neutral
20170502_AAPL,AAPL,2017-05-02,161,"Again, the majority of that comes from the sequential loss of leverage.",-0.003050640632427941,neutral
20170502_AAPL,AAPL,2017-05-02,162,We also have a different mix of products as we move into the June quarter.,-0.003050640632427941,neutral
20170502_AAPL,AAPL,2017-05-02,163,And the cost pressures on memory will remain.,-0.003050640632427941,neutral
20170502_AAPL,AAPL,2017-05-02,164,"We expect to offset partially these impacts with other cost efficiencies and again, with a mix shift towards Services.",-0.003050640632427941,neutral
20170502_AAPL,AAPL,2017-05-02,165,"Yet, the impact on NAND and DRAM will continue to be there, and we expect it to be there.",-0.003050640632427941,neutral
20170502_AAPL,AAPL,2017-05-02,166,"You know we don't guide past the June quarter, but we expect it to be there for the time being.",-0.003050640632427941,neutral
20170502_AAPL,AAPL,2017-05-02,167,"On Qualcomm, I just want to make it very, very clear that we are accruing.",-0.003050640632427941,neutral
20170502_AAPL,AAPL,2017-05-02,168,We do not expect to be paying more than what we are accruing right now.,-0.003050640632427941,neutral
20170502_AAPL,AAPL,2017-05-02,169,"So we didn't get any benefit in our P&L, in our margins during the March quarter, and we're not getting any benefit during the June quarter either.",-0.003050640632427941,neutral
20170502_AAPL,AAPL,2017-05-02,170,"Katy, one of the things that we did not get right was the mix between the iPhone 7 and the iPhone 7 Plus.",-0.003050640632427941,neutral
20170502_AAPL,AAPL,2017-05-02,171,There was -- wound up the demand was much stronger to the 7 Plus than we had predicted.,-0.003050640632427941,neutral
20170502_AAPL,AAPL,2017-05-02,172,"And so it took us a little while to adjust all the way back through the supply chain and to bring iPhone 7 Plus into balance, which occurred in this early -- this past quarter.",-0.003050640632427941,neutral
20170502_AAPL,AAPL,2017-05-02,173,"Every time we go through a launch, we learn something.",-0.003050640632427941,neutral
20170502_AAPL,AAPL,2017-05-02,174,"And you can bet that we're brushing up our models, and we'll apply everything we learned to the next time.",-0.003050640632427941,neutral
20170502_AAPL,AAPL,2017-05-02,175,"Thanks for the question, <UNK>.",-0.003050640632427941,neutral
20170502_AAPL,AAPL,2017-05-02,176,"We saw in Q2 the -- a performance that, combined with Q1 and that formed the first half of the year, was much better than what we experienced in the second half of last year.",-0.003050640632427941,neutral
20170502_AAPL,AAPL,2017-05-02,177,"And if you look at what was driving that, iPhone 7 Plus, we sold the highest number of Plus models in the first half than ever before compared to 6s Plus or compared to the 6 Plus.",-0.003050640632427941,neutral
20170502_AAPL,AAPL,2017-05-02,178,We -- also the Mac business did extremely well.,-0.003050640632427941,neutral
20170502_AAPL,AAPL,2017-05-02,179,"The Mac revenue growth was up 20% in China, and we had extremely strong Services growth during the quarter in China.",-0.003050640632427941,neutral
20170502_AAPL,AAPL,2017-05-02,180,"As I've mentioned in the -- in my comments, our retail and online stores did well overall, and in China they grew by 21%, which is an acceleration from what we had seen in the previous quarter.",-0.003050640632427941,neutral
20170502_AAPL,AAPL,2017-05-02,181,"And traffic, which, for us, is incredibly important in the retail stores because we do a lot more than sell, traffic was up 27% year-on-year.",-0.003050640632427941,neutral
20170502_AAPL,AAPL,2017-05-02,182,And now 7 of our top 10 highest traffic stores in the world are in Greater China.,-0.003050640632427941,neutral
20170502_AAPL,AAPL,2017-05-02,183,"And so that's the set of things that sort of went in our direction, so to speak.",-0.003050640632427941,neutral
20170502_AAPL,AAPL,2017-05-02,184,"On the flip side, currency devalued by 5%, and so that's not an insignificant headwind.",-0.003050640632427941,neutral
20170502_AAPL,AAPL,2017-05-02,185,"And our performance continued to be weak in Hong Kong, which has been hit a bit harder as the tourism market continues to slump.",-0.003050640632427941,neutral
20170502_AAPL,AAPL,2017-05-02,186,"Also where the iPhone 7 Plus did well, we didn't perform as well on some of the previous generation iPhones.",-0.003050640632427941,neutral
20170502_AAPL,AAPL,2017-05-02,187,And so that's sort of the set of things on the plus and minus side.,-0.003050640632427941,neutral
20170502_AAPL,AAPL,2017-05-02,188,We did perform about where I thought we would.,-0.003050640632427941,neutral
20170502_AAPL,AAPL,2017-05-02,189,"In fact, I thought it would be similar to the previous quarter and it was.",-0.003050640632427941,neutral
20170502_AAPL,AAPL,2017-05-02,190,"What I now believe is that we'll improve a bit more during this current quarter, not back to growth but improve -- but make more progress.",-0.003050640632427941,neutral
20170502_AAPL,AAPL,2017-05-02,191,And we continue to believe that there's an enormous opportunity there.,-0.003050640632427941,neutral
20170502_AAPL,AAPL,2017-05-02,192,"And in the scheme of things, our business is pretty large there.",-0.003050640632427941,neutral
20170502_AAPL,AAPL,2017-05-02,193,"Well, <UNK>, you know how we run our capital return program.",-0.003050640632427941,neutral
20170502_AAPL,AAPL,2017-05-02,194,We've been pretty consistent during the last 5 years.,-0.003050640632427941,neutral
20170502_AAPL,AAPL,2017-05-02,195,"Essentially for the last 5 years, the way we've run the company is essentially to return our free cash flow to our investors.",-0.003050640632427941,neutral
20170502_AAPL,AAPL,2017-05-02,196,"That's what we've done with the program until now, and the expansion of the program that we've announced today goes in the same direction, right.",-0.003050640632427941,neutral
20170502_AAPL,AAPL,2017-05-02,197,We know how much we need to invest in the business.,-0.003050640632427941,neutral
20170502_AAPL,AAPL,2017-05-02,198,We will never under-invest in the business.,-0.003050640632427941,neutral
20170502_AAPL,AAPL,2017-05-02,199,We're in a very fortunate position that we generate cash beyond the needs that we have.,-0.003050640632427941,neutral
20170502_AAPL,AAPL,2017-05-02,200,"And given the current capital structure that we have, we decided that until now we return about 100% of the free cash flow to investors.",-0.003050640632427941,neutral
20170502_AAPL,AAPL,2017-05-02,201,It's difficult for us to speculate about what might or might not happen.,-0.003050640632427941,neutral
20170502_AAPL,AAPL,2017-05-02,202,The program that we're announcing today reflects the current tax legislation in this country.,-0.003050640632427941,neutral
20170502_AAPL,AAPL,2017-05-02,203,"And there's a lot that still needs to happen there, and we'll see.",-0.003050640632427941,neutral
20170502_AAPL,AAPL,2017-05-02,204,"Obviously, we will reassess our situation if things change.",-0.003050640632427941,neutral
20170502_AAPL,AAPL,2017-05-02,205,I wanted to start off just going back to the 165 million subscriptions and ask Tim or <UNK> if you could comment on the unique number of users there.,-0.003050640632427941,neutral
20170502_AAPL,AAPL,2017-05-02,206,"And I think you had made a comment, Tim, in your prepared remarks that the average revenue per user is up, or maybe that was you, <UNK>.",-0.003050640632427941,neutral
20170502_AAPL,AAPL,2017-05-02,207,"But if you guys could just talk about any more color around that average revenue per user, it would be interesting to us.",-0.003050640632427941,neutral
20170502_AAPL,AAPL,2017-05-02,208,And then I have one follow-up to that.,-0.003050640632427941,neutral
20170502_AAPL,AAPL,2017-05-02,209,We don't disclose into this number of subscriptions.,-0.003050640632427941,neutral
20170502_AAPL,AAPL,2017-05-02,210,"Of course, we're just giving you the total count of subscriptions that are out there.",-0.003050640632427941,neutral
20170502_AAPL,AAPL,2017-05-02,211,"Of course, there are several customers that subscribe to more than one of our services.",-0.003050640632427941,neutral
20170502_AAPL,AAPL,2017-05-02,212,"There is some level of overlap, but the total number of subscribers is very, very large, obviously less than 165 million.",-0.003050640632427941,neutral
20170502_AAPL,AAPL,2017-05-02,213,But it's very good for us to see the breadth of subscriptions that we offer and that customers are interested in.,-0.003050640632427941,neutral
20170502_AAPL,AAPL,2017-05-02,214,"And if you remember, we quoted the same number a quarter ago, and we talked about 150 million.",-0.003050640632427941,neutral
20170502_AAPL,AAPL,2017-05-02,215,"So when you think about a sequential increase of 15 million subscriptions from the December quarter to the March quarter, it really gives you a sense for the momentum that we have on our content stores, right.",-0.003050640632427941,neutral
20170502_AAPL,AAPL,2017-05-02,216,It's quite impressive to add 15 million subscriptions in 90 days.,-0.003050640632427941,neutral
20170502_AAPL,AAPL,2017-05-02,217,"On -- as we look at the dynamics that are happening on our content stores and particularly on the App Store, which is the largest, we see fairly consistently 2 things.",-0.003050640632427941,neutral
20170502_AAPL,AAPL,2017-05-02,218,We see that the number of paying accounts is growing a lot.,-0.003050640632427941,neutral
20170502_AAPL,AAPL,2017-05-02,219,And I mentioned the increase in number of paying accounts that we've had during these last 90 days is the largest that we've ever had.,-0.003050640632427941,neutral
20170502_AAPL,AAPL,2017-05-02,220,"So there's a very large number of people coming into the ecosystem, experiencing the ecosystem, which is obviously improving all the time in quality and quantity, and then start paying and transacting on the -- on our stores.",-0.003050640632427941,neutral
20170502_AAPL,AAPL,2017-05-02,221,"And that number is growing very, very strongly, strong double digits.",-0.003050640632427941,neutral
20170502_AAPL,AAPL,2017-05-02,222,"What we're also seeing, as we look at the people that start paying on our stores, we see a pretty common trend over time, and we keep track of that across cohorts of customers, that as people come into the ecosystem and start paying on the ecosystem, we see a spending profile that is very similar around the world.",-0.003050640632427941,neutral
20170502_AAPL,AAPL,2017-05-02,223,"People start at a certain level, and then they tend to spend more over time.",-0.003050640632427941,neutral
20170502_AAPL,AAPL,2017-05-02,224,"And so obviously, the combination of people spending more over time and adding more people that are now actually spending on the stores contributes to this 40% growth that Tim mentioned for the App Store on a year-over-year basis.",-0.003050640632427941,neutral
20170502_AAPL,AAPL,2017-05-02,225,And then I had a follow-up for Tim.,-0.003050640632427941,neutral
20170502_AAPL,AAPL,2017-05-02,226,"Tim, I wanted to just ask -- the Services revenue keeps growing, and of course, the profit contribution from that is growing.",-0.003050640632427941,neutral
20170502_AAPL,AAPL,2017-05-02,227,"And we've also, at the same time, I think, seen you maybe a little more aggressive than Apple has been historically in pricing certain key technologies, let's call them, that maybe you want to penetrate the market with.",-0.003050640632427941,neutral
20170502_AAPL,AAPL,2017-05-02,228,"And I just wonder if you could just comment a little bit on your strategy there in terms of the usage of that extra profit contribution from that Services business, how you intend to apply it to the rest of the business.",-0.003050640632427941,neutral
20170502_AAPL,AAPL,2017-05-02,229,"Rod, the way that we think about pricing is we come up with a price that we think is a good value for the product that we're delivering, and we do that on the hardware side as well as on the Services side.",-0.003050640632427941,neutral
20170502_AAPL,AAPL,2017-05-02,230,And so that's how we think about it.,-0.003050640632427941,neutral
20170502_AAPL,AAPL,2017-05-02,231,We're really not thinking about taking profits from one to subsidize the other or vice versa.,-0.003050640632427941,neutral
20170502_AAPL,AAPL,2017-05-02,232,We have seen the Watch as a really key product category for us since before we launched it.,-0.003050640632427941,neutral
20170502_AAPL,AAPL,2017-05-02,233,"And we took our time to get it right, and we've made it even better with the Series 2 offering.",-0.003050640632427941,neutral
20170502_AAPL,AAPL,2017-05-02,234,And we're really proud of the growth of the business.,-0.003050640632427941,neutral
20170502_AAPL,AAPL,2017-05-02,235,"The Watch units more than doubled in 6 of our top 10 markets, which is phenomenal growth, particularly in a non-holiday quarter.",-0.003050640632427941,neutral
20170502_AAPL,AAPL,2017-05-02,236,And so we couldn't be more satisfied with it.,-0.003050640632427941,neutral
20170502_AAPL,AAPL,2017-05-02,237,"When -- as some people are doing, when you begin to combine that -- combine the Watch revenues with the revenues for AirPods, this was the first -- as you know, this is the first full quarter of shipments for AirPods, but it's still very much in the ramping mode.",-0.003050640632427941,neutral
20170502_AAPL,AAPL,2017-05-02,238,And we're not coming close to satisfying the demand.,-0.003050640632427941,neutral
20170502_AAPL,AAPL,2017-05-02,239,And then add the Beats products that our -- a group of our customers really enjoy as well and look on the trailing 12 months.,-0.003050640632427941,neutral
20170502_AAPL,AAPL,2017-05-02,240,That business was well into the Fortune 500.,-0.003050640632427941,neutral
20170502_AAPL,AAPL,2017-05-02,241,"And so as I look at that, that's pretty fast to come that far.",-0.003050640632427941,neutral
20170502_AAPL,AAPL,2017-05-02,242,"The Watch hasn't been out very long, and AirPods have been out there for 3, 4 months.",-0.003050640632427941,neutral
20170502_AAPL,AAPL,2017-05-02,243,And so we feel really great about it.,-0.003050640632427941,neutral
20170502_AAPL,AAPL,2017-05-02,244,"I wouldn't want to comment on that, but we do have a really great pipeline here.",-0.003050640632427941,neutral
20170502_AAPL,AAPL,2017-05-02,245,"And I think in terms of competition falling out and so forth, it's -- the watch area is really hard.",-0.003050640632427941,neutral
20170502_AAPL,AAPL,2017-05-02,246,"It, in essence, from an engineering point of view, is similar to a phone in terms of the intricacies and so forth.",-0.003050640632427941,neutral
20170502_AAPL,AAPL,2017-05-02,247,And so it's not -- I'm not very surprised that some people are falling out of it.,-0.003050640632427941,neutral
20170502_AAPL,AAPL,2017-05-02,248,But we're very committed to it and believe that -- it's already a big business and believe over time it will be even larger.,-0.003050640632427941,neutral
20170502_AAPL,AAPL,2017-05-02,249,"I only glanced at it, and so I haven't had time to study it.",-0.003050640632427941,neutral
20170502_AAPL,AAPL,2017-05-02,250,"But in general, what we are seeing, we're seeing what we believe to be a pause in purchases on iPhone, which we believe are due to the earlier and much more frequent reports about future iPhones.",-0.003050640632427941,neutral
20170502_AAPL,AAPL,2017-05-02,251,"And so that part is clearly going on, and it could be what's behind the data.",-0.003050640632427941,neutral
20170502_AAPL,AAPL,2017-05-02,252,"I don't know, but we are seeing that in full transparency.",-0.003050640632427941,neutral
20170502_AAPL,AAPL,2017-05-02,253,The -- anyone that has a standards-essential patent has a responsibility to offer it to everyone that would like it under what is -- are called FRAND terms.,-0.003050640632427941,neutral
20170502_AAPL,AAPL,2017-05-02,254,"FRAND stands for fair, reasonable and nondiscriminatory terms.",-0.003050640632427941,neutral
20170502_AAPL,AAPL,2017-05-02,255,That's both the price and the business terms.,-0.003050640632427941,neutral
20170502_AAPL,AAPL,2017-05-02,256,"Qualcomm has not made such an offer to Apple, and so I don't believe that a -- I don't believe anyone's going to decide to enjoin the iPhone based on that.",-0.003050640632427941,neutral
20170502_AAPL,AAPL,2017-05-02,257,I think that there's plenty of case law around that subject.,-0.003050640632427941,neutral
20170502_AAPL,AAPL,2017-05-02,258,"In terms of why we're withholding royalties, you can't pay something when there's a dispute about the amount.",-0.003050640632427941,neutral
20170502_AAPL,AAPL,2017-05-02,259,You don't know how much to pay.,-0.003050640632427941,neutral
20170502_AAPL,AAPL,2017-05-02,260,And so they think we owe some amount.,-0.003050640632427941,neutral
20170502_AAPL,AAPL,2017-05-02,261,We think we owe a different amount.,-0.003050640632427941,neutral
20170502_AAPL,AAPL,2017-05-02,262,"And there hasn't been a meeting of the minds there, and so at this point, we need the courts to decide that unless we are able to, over time, settle between us on some amount.",-0.003050640632427941,neutral
20170502_AAPL,AAPL,2017-05-02,263,"But right now we're depending upon the courts to do that, and so that is the thinking.",-0.003050640632427941,neutral
20170502_AAPL,AAPL,2017-05-02,264,"The reason that we're pursuing this is that Qualcomm's trying to charge Apple a percentage of the total iPhone value, and they do some really great work around standards-essential patents, but it's one small part of what an iPhone is.",-0.003050640632427941,neutral
20170502_AAPL,AAPL,2017-05-02,265,It's not -- it has nothing to do with the display or the Touch ID or a gazillion other innovations that Apple has done.,-0.003050640632427941,neutral
20170502_AAPL,AAPL,2017-05-02,266,And so we don't think that's right.,-0.003050640632427941,neutral
20170502_AAPL,AAPL,2017-05-02,267,"And so we're taking a principled stand on it, and we strongly believe we're in the right.",-0.003050640632427941,neutral
20170502_AAPL,AAPL,2017-05-02,268,"And I'm sure they believe that they are, and that's what courts are for.",-0.003050640632427941,neutral
20170502_AAPL,AAPL,2017-05-02,269,And we'll let it go with that.,-0.003050640632427941,neutral
20170502_AAPL,AAPL,2017-05-02,270,Let me give you some color as I see it.,-0.003050640632427941,neutral
20170502_AAPL,AAPL,2017-05-02,271,"In this quarter, we reduced channel inventory by 1.2 million units.",-0.003050640632427941,neutral
20170502_AAPL,AAPL,2017-05-02,272,"And so if you look on a year-over-year basis, which is primarily what we look at from a unit point of view because it would have the seasonality embedded in that, we grew sell-through on a year-over-year basis.",-0.003050640632427941,neutral
20170502_AAPL,AAPL,2017-05-02,273,"Last quarter, I'm sure other folks remember, was a 14-week quarter, and so you sort of have to adjust the rates last quarter to get at what the underlying sell-through growth was.",-0.003050640632427941,neutral
20170502_AAPL,AAPL,2017-05-02,274,"And so I think that when you do that, you're going to find that, actually, the year-over-year performance is similar between the quarters.",-0.003050640632427941,neutral
20170502_AAPL,AAPL,2017-05-02,275,"In terms of upgraders, we saw the largest absolute number of upgraders ever in any 6-month period in the first half of this year, first half of this fiscal year to be precise.",-0.003050640632427941,neutral
20170502_AAPL,AAPL,2017-05-02,276,And we saw the largest absolute number of switchers outside of Greater China in the same period that we've ever seen.,-0.003050640632427941,neutral
20170502_AAPL,AAPL,2017-05-02,277,"And so in 4 of the 5 operating segments, as I think <UNK> mentioned in his comments, we had very good growth, and it was really propelled by the demand for iPhone 7 Plus, which is growing incredibly fast around the world.",-0.003050640632427941,neutral
20170502_AAPL,AAPL,2017-05-02,278,"And so that's kind of the color I would add there, and hopefully, some of that are -- is useful for you.",-0.003050640632427941,neutral
20170502_AAPL,AAPL,2017-05-02,279,"As you know, <UNK>, we do not provide guidance around units and around channel inventory reduction, but our goal is always to have the right amount of weeks of inventory in the channel.",-0.003050640632427941,neutral
20170502_AAPL,AAPL,2017-05-02,280,"And if you look at our history over the last several years, we have fairly consistently reduced channel inventory in the June quarter, so I think it's a fair expectation to have.",-0.003050640632427941,neutral
20170502_AAPL,AAPL,2017-05-02,281,We make it a point not to forecast by geo.,-0.003050640632427941,neutral
20170502_AAPL,AAPL,2017-05-02,282,We just provide a current quarter forecast.,-0.003050640632427941,neutral
20170502_AAPL,AAPL,2017-05-02,283,"But as hopefully you've seen, as we began to give you more information about India, we've been investing quite a bit.",-0.003050640632427941,neutral
20170502_AAPL,AAPL,2017-05-02,284,We have a ton of energy going into the country on a number of fronts.,-0.003050640632427941,neutral
20170502_AAPL,AAPL,2017-05-02,285,And it is the third-largest smartphone market in the world today behind the -- China and the United States.,-0.003050640632427941,neutral
20170502_AAPL,AAPL,2017-05-02,286,"And so we believe, particularly now that a -- the 4G infrastructure is going in the country and it's continuing to be expanded, there is a huge opportunity for Apple there.",-0.003050640632427941,neutral
20170502_AAPL,AAPL,2017-05-02,287,And so that's -- that and the demographics of the country is why we're putting so much energy there.,-0.003050640632427941,neutral
20170502_AAPL,AAPL,2017-05-02,288,"Well, we think it's a great opportunity too, and so we're bringing all the things that we've brought to bear in other markets that we've eventually done well in.",-0.003050640632427941,neutral
20170502_AAPL,AAPL,2017-05-02,289,And that's from channel to stores to our ecosystem and so forth.,-0.003050640632427941,neutral
20170502_AAPL,AAPL,2017-05-02,290,Phil was just over there opening a developer center last quarter.,-0.003050640632427941,neutral
20170502_AAPL,AAPL,2017-05-02,291,And so there's a -- there are a ton of things going on there.,-0.003050640632427941,neutral
20170502_AAPL,AAPL,2017-05-02,292,And we agree that we are underpenetrated there.,-0.003050640632427941,neutral
20170502_AAPL,AAPL,2017-05-02,293,"Our growth rates are good, really good in -- by most people's expectations.",-0.003050640632427941,neutral
20170502_AAPL,AAPL,2017-05-02,294,"And so we're putting a lot of energy in it, just like we have in other geos that eventually wound up producing more and more.",-0.003050640632427941,neutral
20170502_AAPL,AAPL,2017-05-02,295,And so I'm very excited about it.,-0.003050640632427941,neutral
20170502_AAPL,AAPL,2017-05-02,296,"The 4G network investment really began rolling in, in a significant way toward the last quarter of last year, as you know, and -- but they are moving fast.",-0.003050640632427941,neutral
20170502_AAPL,AAPL,2017-05-02,297,They're moving at a speed that I have not seen in any other country in the world once they were started.,-0.003050640632427941,neutral
20170720_MSFT,MSFT,2017-07-20,0,"Thank you, <UNK>, and good afternoon, everyone This quarter, revenue was $24.7 billion, up 9% and 10% in constant currency, with stronger than expected performance across all segments Gross margin grew 11% and 12% in constant currency Operating income increased 13% and 16% in constant currency And earnings per share was $0.98, increasing 42% and 43% in constant currency, which includes $0.23 from the utilization of phone-related losses from prior years that were previously non-deductible At a company level, LinkedIn contributed approximately 5 points of revenue and gross margin growth LinkedIn’s operating loss of $361 million was a 6 point drag on total company operating income growth, and is entirely attributable to the $371 million of amortization of acquired intangibles recorded in COGS and OpEx From a geographic perspective, our results were mostly in line with macroeconomic trends, though large markets like the US, Germany, and Japan performed better than we expected We had a strong quarter in our commercial business, reflecting terrific execution from our sales teams and partners in the largest quarter of our year We increased commitment to our commercial cloud and healthy renewals on a record volume of expirations We closed the highest number of multi-million-dollar Azure deals to date, and improved our annuity mix to 86%, up 3 points year-over-year As a result, commercial bookings grew 30%, and commercial unearned revenue was $27.8 billion, significantly higher than we expected Our contracted not billed balance increased to more than $31.5 billion As <UNK> mentioned earlier, our commercial cloud annualized revenue run rate exceeded $18.9 billion this quarter, growing 56% We finished the year with nearly $15 billion in commercial cloud revenue At the start of the year, we committed to material improvement in commercial cloud gross margin percentage and dollars This quarter, our commercial cloud gross margin percentage was 52%, up 10 points year-over-year, with positive gross margin in each cloud service Commercial cloud gross margin dollars grew 92% from strength across all services Our company gross margin was 66%, up 1 point from the prior year, as sales mix of higher margin products and services offset the impact of the growing mix of cloud revenue and $217 million of LinkedIn amortization costs FX was mostly in line with our expectations, with 1 point of negative impact on total revenue growth even with a slightly weaker than expected US dollar At the segment level, FX had a negative impact of 2 points on Productivity and Business Processes, 1 point on Intelligent Cloud and 1 point on More Personal Computing Total operating expenses grew 9% and 10% in constant currency, with LinkedIn contributing 12 points of growth, including $154 million of amortization of acquired intangibles expense Now, to our segment results Revenue from our Productivity and Business Processes segment grew 21% and 23% in constant currency to $8.4 billion, with LinkedIn contributing 15 points of growth Office Commercial revenue increased 5% and 6% in constant currency Office 365 commercial revenue grew 43% and 44% in constant currency with continued installed base growth across all workloads, ARPU expansion and emerging E5 momentum For the first time, Office 365 Commercial revenue surpassed revenue from our traditional licensing business Office Consumer revenue increased 13%, driven by recurring subscription revenue and growth in our subscriber base Our Dynamics business grew 7% and 9% in constant currency, and Dynamics 365 grew 74% and 75% in constant currency LinkedIn revenue for the quarter was approximately$1.1 billion, a bit better than expected Segment gross margin dollars grew 14% and 16% in constant currency, with 12 points of contribution from LinkedIn, including $217 million of amortization Gross margin percentage declined from an increasing cloud revenue mix and the impact of LinkedIn related amortization Operating expenses increased 41%, with 40 points from LinkedIn, including $154 million of amortization expense Operating income declined 8% and 5% in constant currency, with 12 points of impact from LinkedIn The Intelligent Cloud segment delivered $7.4 billion in revenue, growing 11% and 12% in constant currency Our server products and cloud services revenue grew 15% and 16% in constant currency with double digit annuity revenue growth Azure revenue growth accelerated to 97%, up 98% in constant currency Azure Premium revenue grew triple-digits for the twelfth consecutive quarter Enterprise Services revenue declined 3% and 1% in constant currency, driven by a lower volume of Windows Server 2003 custom support agreements, partially offset by growth in Premier Support Services Segment gross margin dollars grew 8% and 9% in constant currency, and segment gross margin percentage declined due to increasing cloud revenue mix and lower Enterprise Services margins, partially offset by material improvement in Azure margins We grew operating expenses by 2% and 3% in constant currency with continued investment in sales capacity and developer engagement Operating income increased 15%, up 18% in constant currency Now to More Personal Computing Revenue from this segment was $8.8 billion, down 2% and 1% in constant currency, with 4 points of decline from phone Our OEM business grew 1% this quarter, as both our commercial and consumer OEM businesses were slightly ahead of the PC market OEM Pro revenue grew 3%, ahead of the commercial PC market, mainly due to a higher mix of premium SKUs Windows 10 deployment cycles continue to drive commercial customer hardware demand OEM Non-Pro revenue was flat, ahead of the consumer PC market, with continued positive impact from Windows premium device mix Inventories remain in the normal range Windows commercial cloud products and services grew 8%, driven by annuity revenue growth Enterprise customers increasingly chose Windows 10 on new and existing devices, which led to install base growth and higher adoption of our cloud security solutions Patent licensing declined this quarter, primarily from lower revenue per unit Search revenue ex-TAC grew 10% and 11% in constant currency, driven by higher revenue per search and search volume Devices revenue declined 28% and 27% in constant currency Our Surface business performed better than we expected, declining 2% and 1% in constant currency, with strong sales execution on our Surface Pro product transition and early positive signals from customers and partners on our Surface Laptop launch in June Our gaming business grew 3% and 4% in constant currency Xbox software and services growth of 11%, 13% in constant currency, offset declines in hardware And our engaged user base grew 8% to 53 million monthly active users across console, mobile and Windows 10 platforms Segment gross margin dollars increased 9% and 10% in constant currency Gross margin percentage increased, primarily due to sales mix shift to higher margin products and services Operating expenses declined 10%, and 9% in constant currency, from lower Phone expense, as well as Surface and gaming marketing spend in the prior year As a result, operating income grew 68% and 72% in constant currency Now back to the overall company results This quarter, we invested approximately $3.3 billion in capital expenditures, including capital leases, up sequentially in part due to the planned Q3 datacenter spend pushed into this Q4.",-0.005793586634107519,negative
20170720_MSFT,MSFT,2017-07-20,1,"This includes approximately $2.3 billion of cash paid for property and equipment, which was down year-over-year as we utilized more capital leases Free cash flow grew 50% year-over-year, driven primarily by operating cash flow growth of 30%, as well as lower cash outlays for CapEx Operating cash flow increased due to higher collections from customers following strong billings growth, as well as working capital improvements in our hardware business Other income and expense was $215 million, more than originally planned, as we continue to see opportunities in the equities market to realize gains throughout the quarter Our non-GAAP effective tax rate was negative 6%, significantly lower than we expected, due to a $1.8 billion impact related to the utilization of prior years’ losses from our phone business that were not deductible in the years incurred Excluding this item, our non-GAAP effective tax rate was 19% this quarter and 20% for the full year This quarter, we returned $4.6 billion to shareholders through share repurchases and dividends Now let’s turn to the outlook The key trends for FY 2018 from the Financial Analyst Briefing remain largely unchanged For the full year, we expect about 1 point of negative FX impact assuming current rates remain stable In our commercial business, we anticipate that increasing demand for cloud services and healthy renewals will continue to drive a higher annuity mix Our commercial transactional business will continue to decline driven by the transition to the cloud We remain focused on improving our commercial cloud gross margin percentage in each of our cloud services As a reminder, given seasonality and revenue mix, commercial cloud gross margin will experience quarterly variability Cloud migrations, deployments and new scenarios are driving greater customer usage We will increase our capital investment to meet growing demand and capacity needs Total CapEx spend will continue to have variability quarter-to-quarter At the company level, our gross margin percentage should decline about a point in FY 2018 with increasing cloud revenue mix, a full year of LinkedIn amortization and hardware launches, including our new console, Xbox One X We expect LinkedIn quarterly amortization expense in COGS to be approximately $220 million, or about $880 million for the full year Next, operating expenses You should think about our FY 2018 operating expenses in two categories First, organic Microsoft expenses, which we expect to grow between 3% and 4%, reflecting the investments we are making to support our top line growth Second, LinkedIn We are making incremental investments in LinkedIn to fuel its continued strong revenue growth Additionally, we will recognize our first full year of operating expenses, including $620 million of amortization expense Importantly, we expect our company operating margin to only decline by about a point as we continue to grow our cloud revenue, we fund new investment to support growth in strategic areas and absorb $1.5 billion of LinkedIn amortization in COGS and OpEx Excluding the LinkedIn impact, operating margin should be flat year-over-year Next, our effective tax rate As a reminder, our tax rate is impacted by at least three major factors: the proportion of services revenue versus licensing revenue, the geographic mix of revenue, and the timing of equity vests As cloud revenue mix increases, we anticipate our tax rate will move higher With quarterly variability based on these factors, we anticipate our full year non-GAAP tax rate to be 23%, plus or minus 2 points And finally, we expect LinkedIn, ex-purchase accounting, to be non-dilutive in FY 2018, as it was in Q4.",-0.005793586634107519,negative
20170720_MSFT,MSFT,2017-07-20,2,"Now, to the outlook for next quarter Based on current FX rates, we expect less than 1 point of negative impact on revenue growth overall and for each segment We expect commercial unearned revenue to be within the range of $24.85 to $25.05 billion In Productivity and Business Processes, we expect revenue between $8.1 and $8.3 billion Office 365 commercial revenue growth will continue to be driven by install base growth, ARPU expansion, and adoption of premium services like E5, and should outpace the rate of transactional decline We expect a more moderate rate of growth in our Office consumer business given prior year comparables In our Dynamics business, Dynamics 365 will continue to drive our cloud mix higher And we expect approximately $1.1 billion of revenue from LinkedIn, adjusted for the impact of purchase accounting For Intelligent Cloud, we expect revenue between $6.9 billion and $7.1 billion Customer demand for Azure and our hybrid cloud offerings remains strong, and we anticipate another quarter of double-digit revenue growth across server products and cloud services Enterprise Services should decline, given lower volumes of custom support agreements We expect More Personal Computing revenue between $8.6 billion and $8.9 billion We anticipate OEM revenue will move more closely in line with the PC market Devices revenue growth will continue to be impacted by the prior year phone comparable Surface revenue will continue to be driven by the product lifecycle transition between Pro 4 and our new Surface Laptop and Surface Pro In Search, Bing’s revenue growth ex-TAC should be similar to prior quarters And we expect gaming to have the typical seasonality revenue pattern for a pre-holiday quarter We expect COGS between $8.2 billion and $8.3 billion, including approximately $400 million from LinkedIn LinkedIn COGS include about $220 million of amortization We expect CapEx, on an accrual dollar basis, to be similar to Q4 as we grow our investment to meet demand We expect operating expenses of $8.6 billion to $8.7 billion, with about $1 billion from LinkedIn, of which roughly $155 million is related to amortization Other income and expense should be about $250 million, as we expect to realize more gains from our equities portfolio Given the volume of equity vests that occur in our first quarter and based on today’s stock value, we expect our first quarter non-GAAP effective tax rate to be approximately 4 points lower than the estimated full year tax rate Finally, we adopted the new revenue standard, ASU 606, effective at the start of fiscal year 2018.",-0.005793586634107519,negative
20170720_MSFT,MSFT,2017-07-20,3,"To assist in the transition, <UNK> along with our Chief Accounting Officer, Frank Brod, will be hosting a conference call in early August to discuss these changes, present historical restated financial results, and share Q1 guidance converted to the new standard And with that let’s go to Q&A Let me break down the question in a couple of ways Overall, when you think about COGS and the pacing, the depreciation rates of our servers don't change It’s generally over a three-year period and there is other pieces of equipment that have a longer, shorter depreciation life So that piece of depreciation doesn't change per se If you're looking to see how we see demand, obviously this quarter in Q4, we felt very good about cloud demand across all three services, but in particular with Azure I feel confident in our ability to produce gross margin improvement across all those services I feel confident in our ability to continue to make progress on our overall commercial cloud gross margin growth, and I am encouraged by the demand signals we are getting All of those things I think, it’s not really about the pace, it is much about the progress and demand and meeting those things as closely as we can and I feel really good about the team's execution And I think in many ways <UNK> what we have done is a really a natural extension of some of the investments we’ve made over the past 18 months to add technical resources to be more present in customer accounts, to really drive their transformation towards success outcomes You are seeing it even in our intelligent cloud results for the last quarter and this quarter We’re taking that learning over the past 18 months and really applying it at a broader scale across the sales force to put those resources where we feel confident that they will have a good long-term return in that next phase of transformation Thanks <UNK> Let me make sure I cover of on most of those Let me start by saying, the biggest driver in commercial bookings growth this quarter was excellent execution on a large base of renewals The second component of that is the execution on new revenue; in particular Azure, as well as Windows commercial, and billings in the quarter were very good and quite encouraging overall There was no change in any way to invoicing people paying earlier, paying more upfront, that’s definitely not an impact on that number And so overall, I think while it is certainly aided by the large expiry base because it tends to impact the CNB balance the most, it is really I think to your point; it is clearly encouraging because it gives us a very good base of support going into FY 2018 to come in to the GAAP reporting numbers There’s a couple of things, but in general it is almost always mix shift While we saw improvement in the gross margin percentage in Office 365 and continue to make progress on that it is also the balance, right This is the first quarter where we’ve actually seen the balance tip in terms of recognized revenue to online versus perpetual So, I actually feel very good, but as we continue to accelerate the growth trajectory that you are not seeing frankly much impact on the gross margin line and we are seeing a lot of leverage in that through OpEx all the way down to the operating income line When you think about, you are right, it is a big number, and I feel very good about it, and for the year on a pure basis it was $15 billion of commercial cloud revenue So we are starting to get to that point <UNK> where you have a big base, which is still growing at a fast rate, and so especially ARR numbers can see big jumps in the one that you saw this quarter, and your right, Q4 is also historically quite a big quarter and this one certainly was as well But you also saw - and what really does matter, especially in Azure is usage of growth, really consumption growth having customers use deploy, be successful, and really continue to get you think sort of meters up and running and that continues to build on itself, and so when you start to see that you can, and I do think and we will continue to see good growth in this number Let me start by saying, first I feel very good about meeting our stated goal of $20 billion in commercial cloud ARR Next, I think across every service the momentum we’ve seen in Q4 and in particular, I would say, I think not many people focus on it, but even things like Windows E5, advanced threat protection services, those types of deployments really will add to momentum in our offerings One of the things we often talk about is, we sell Microsoft 365.",-0.005793586634107519,negative
20170720_MSFT,MSFT,2017-07-20,4,"That’s Windows 10 with securities and services It is a modern workplace that includes up-to-date Office 365 and it includes EMS We really did see strength across all of them So I don't really think it’s about a percentage, but it’s about each of them continuing to make progress Why don't you start and I will do the next one And so to your point and it’s a nice transition from <UNK>'s point about, especially the midmarket offering coming in the fall for Microsoft 365 is installed base growth You are right, in terms of Office commercial 365 the primary driver is still installed base, both the transition as well as new I think we are optimistic as we head into FY 2018 for the installed base growth possible in particular for some of these midmarket offerings that we’re quite proud off The ARPU growth that you saw and have seen in the past couple of quarters continues to primarily, Phil, be related still to the E1 to E3 transition When we mentioned E5, I think that’s frankly encouraging for us because all of these premium offers do best when you start the deployment motion People start using E1 then they use E3 and then you start to see the momentum in E5, and we did see that <UNK>owever, in terms of ARPU impact very, very small in quarter So that’s something that over time you will continue to see improvement in terms of impact on ARPU.",-0.005793586634107519,negative
20170720_MSFT,MSFT,2017-07-20,5,"Thanks Kash Let me go through the bookings, again with that 30% the first and best contributor to that is the strong performance on the renewals in quarter It was a reasonably consistent Kash, there was not a geo in particular that I would say was a massive outlier although in two of our largest geos, the U.S and Germany they did have very good years in particular in Q4.",-0.005793586634107519,negative
20170720_MSFT,MSFT,2017-07-20,6,"Now if you separate the fact that we had the larger base with clearly contribute to that bookings number being big, aside from that in particular Azure in the last year point did really show up in that 18.9, it didn't, the strong billings growth really showed up in that unearned outperformance, which you saw versus the guide and it was significant, a lot of that is the Azure fillings I think we felt very good, those as well, I think we’re pretty broad-based across industry I would also say across geo And so while we of course get some strength from our largest geos, and I would say they were probably the largest contributors if it was actually quite broad there is not only one place for me to say that we just saw it here, and then the final component that I would say was better than we anticipated and the way you’d see that cash, again versus the unearned guidance and the beat that we had there with that final piece around our security value prop, ATP - Windows annuity growth was very good That’s in the KPI Windows commercial products and services It is the place you will look and see that number and outside of that I mean those really are the biggest contributors And I think maybe, I should have also mentioned, when you think about seeing that type of performance and <UNK> mentioned it is not just because of work done this quarter, it is a great point, but it’s also the investments we’ve made We’ve committed, we did sales overlays We added technical resources We put resources at customers ahead of the curve, we did that you saw that and the operating in the intelligent cloud OpEx growth over the past few quarters, that execution is what’s landing Okay, you are right, <UNK> it’s not exactly if I said is the Q3 from three years ago exactly the expiry base it is not exactly, but it is directionally And so that’s a good example to say, every three years tends to be the length of our agreements and so you to tend to see that repeated, and that’s what we mean by sort of the record or the largest expiry base and that is the pattern In terms of LinkedIn having any impact?",-0.005793586634107519,negative
20170720_MSFT,MSFT,2017-07-20,7,"It did not So that is the cleanest way to think about that number And so that leads why I always tend to say, I don't focus as much on the mix per se I know both of them will matter and both of them are important, and so that’s why I tend to focus on that all up server KPI combination of the progress in the cloud, Azure, as well as the edge which is the on-prem And so I think, we remain confident that double-digit target that we have for that KPI and is it really, I don't think sort of a comparability challenge per se, but that’s why we try to keep it at that high level to not get too tied to one or the other, given we know the TAM expansion that’s possible, we know we can grow within it And I apologize, I didn't answer <UNK>s last component, so let me just go back and I had forgotten, which was, was there anything unique in the expiry base for Q1, the answer is, it is up a little year-over-year, but in certainly not through the same type of Q4 comparable When we tend to have these, we tried to call them out like we did in Q3 leading into Q4.",-0.005793586634107519,negative
20170720_MSFT,MSFT,2017-07-20,8,"So, Q1 I would say is just up a little So I wouldn't expect any material impact Thanks <UNK> The way I tend to think about it is, with any service you want the gross margin itself to improve, and that includes in the Azure services components themselves The difference between core compute in-store versus the premium layers can be significant and we’ve had improvements across all of them So, the real question on how and where should the Azure gross margin be is about sort of the ultimate mix of those Anyhow, we saw significant improvement this year We expect a lot of improvement again next year on each of those service lines And where the actual mix occurs among those lines, I think we will just have to wait and see, but that’s why I tend to not focus at that layer it’s like can you get every service better, can you make material improvement, and then of course can you get usage and consumption going that leads to premium service usage, and of course over time you’d expect a higher mix of premium versus core",-0.005793586634107519,negative
20170727_AMZN,AMZN,2017-07-27,0,Let me see what I can tell you on that.,-0.024818355640535274,negative
20170727_AMZN,AMZN,2017-07-27,1,"First of all, I want to remind you that Q3 is typically a lower operating income quarter as we're preparing for the Q4 holiday peak.",-0.024818355640535274,negative
20170727_AMZN,AMZN,2017-07-27,2,"The other dynamic is that similar to last year, a large percentage of our new fulfillment centers are coming online in the second half of the year, a lot of them in Q3.",-0.024818355640535274,negative
20170727_AMZN,AMZN,2017-07-27,3,"So to give that some perspective, the Amazon-Fulfilled Network or the combination of retail and FBA shipments coming out of our warehouses has been nearly 40%.",-0.024818355640535274,negative
20170727_AMZN,AMZN,2017-07-27,4,It was that last year and it's continued through this year.,-0.024818355640535274,negative
20170727_AMZN,AMZN,2017-07-27,5,"Last year, we added 30% additional square footage to handle that additional shipping volume, and about 80% of that went in to service in the back end of last year.",-0.024818355640535274,negative
20170727_AMZN,AMZN,2017-07-27,6,That's what I mentioned about this time last year.,-0.024818355640535274,negative
20170727_AMZN,AMZN,2017-07-27,7,The -- similar dynamic this year.,-0.024818355640535274,negative
20170727_AMZN,AMZN,2017-07-27,8,We're going to have about 80% of our increase in square footage for fulfillment and shipping coming online in the back end of the year.,-0.024818355640535274,negative
20170727_AMZN,AMZN,2017-07-27,9,The other comment I would make is on the content -- video content.,-0.024818355640535274,negative
20170727_AMZN,AMZN,2017-07-27,10,"Video content, last year I highlighted the fact that it was going to be a significant step up between first half -- second half of 2016 and the second half of 2015.",-0.024818355640535274,negative
20170727_AMZN,AMZN,2017-07-27,11,"We are still -- we lapped that most of the first half of this year, and we'll also be increasing video spend on a sequential and year-over-year basis in Q3 and that's included in this guidance.",-0.024818355640535274,negative
20170727_AMZN,AMZN,2017-07-27,12,"Other than that, I can't give much more specifics except to say that the large investment areas remain increasing fulfillment capacity to service the strong growth of the FBA business.",-0.024818355640535274,negative
20170727_AMZN,AMZN,2017-07-27,13,I'll also point out that the strong usage growth at AWS has led us to a step up in infrastructure in the form of capital leases.,-0.024818355640535274,negative
20170727_AMZN,AMZN,2017-07-27,14,We've built capital leases in the trailing 12 months.,-0.024818355640535274,negative
20170727_AMZN,AMZN,2017-07-27,15,They've increased 71% through the end of Q2 versus last year.,-0.024818355640535274,negative
20170727_AMZN,AMZN,2017-07-27,16,That is servicing -- accelerating usage in our largest AWS services as well as geographic expansion.,-0.024818355640535274,negative
20170727_AMZN,AMZN,2017-07-27,17,So that's additional factor sequentially in the quarter year-over-year.,-0.024818355640535274,negative
20170727_AMZN,AMZN,2017-07-27,18,"First, as far as Whole Foods is concerned, as <UNK> mentioned, it's not included in this guidance since it hasn't closed yet, but we are excited about that acquisition and looking forward to working with the team at Whole Foods.",-0.024818355640535274,negative
20170727_AMZN,AMZN,2017-07-27,19,We think they're very customer-centric just like us.,-0.024818355640535274,negative
20170727_AMZN,AMZN,2017-07-27,20,They've built a great business focused around quality and customers.,-0.024818355640535274,negative
20170727_AMZN,AMZN,2017-07-27,21,So we're really glad to join up with them.,-0.024818355640535274,negative
20170727_AMZN,AMZN,2017-07-27,22,"On your larger question about with the place of AmazonFresh, that include Prime Now and some of our other efforts, I would say we believe there will be no one solution.",-0.024818355640535274,negative
20170727_AMZN,AMZN,2017-07-27,23,"So we're experimenting with a number of the formats, from physical pickup points in Amazon Go to online ordering and delivery to your door through Prime Now and AmazonFresh.",-0.024818355640535274,negative
20170727_AMZN,AMZN,2017-07-27,24,And we'll see how customers respond.,-0.024818355640535274,negative
20170727_AMZN,AMZN,2017-07-27,25,We like the response that we've seen so far.,-0.024818355640535274,negative
20170727_AMZN,AMZN,2017-07-27,26,All those are valuable services.,-0.024818355640535274,negative
20170727_AMZN,AMZN,2017-07-27,27,"Amazon Go is not out of beta, but the other ones are.",-0.024818355640535274,negative
20170727_AMZN,AMZN,2017-07-27,28,"On top of that, we're looking forward to adding the Whole Foods team and their great reputation for quality and customer service to this offering.",-0.024818355640535274,negative
20170727_AMZN,AMZN,2017-07-27,29,"As far as Q2 is concerned, we were very encouraged by the revenue and unit growth acceleration, particularly in North America.",-0.024818355640535274,negative
20170727_AMZN,AMZN,2017-07-27,30,We see that as tied to the Prime growth and the adoption of Prime and success of that program.,-0.024818355640535274,negative
20170727_AMZN,AMZN,2017-07-27,31,Also point out that AWS stepped up its run rate from a $14 billion run rate last quarter to $16 billion.,-0.024818355640535274,negative
20170727_AMZN,AMZN,2017-07-27,32,"So we saw the largest quarter-over-quarter and year-over-year increase in revenue in that businesses as well, and gross margin expanded 130 basis points.",-0.024818355640535274,negative
20170727_AMZN,AMZN,2017-07-27,33,"So as you point out, the year-over-year difference is primarily driven by investments.",-0.024818355640535274,negative
20170727_AMZN,AMZN,2017-07-27,34,"The -- we're within the guidance range, and we continue to invest in, as I said, fulfillment capacity and logistic services, digital video, our Echo and Alexa -- Echo devices and Alexa platform, India, the buildup at AWS infrastructure, all the things I mentioned, not to mention Prime Now and AmazonFresh and Prime benefits.",-0.024818355640535274,negative
20170727_AMZN,AMZN,2017-07-27,35,We did see a big jump in headcount in year-over-year.,-0.024818355640535274,negative
20170727_AMZN,AMZN,2017-07-27,36,"You'll see it's 42%, and in the past I've said most of that is driven by operations hiring.",-0.024818355640535274,negative
20170727_AMZN,AMZN,2017-07-27,37,And I've even said that headquarters office hiring many times in the past was below the level of revenue growth.,-0.024818355640535274,negative
20170727_AMZN,AMZN,2017-07-27,38,Right now what we're seeing is an accelerated growth rate in software engineers and also sales teams to support primarily AWS and advertising.,-0.024818355640535274,negative
20170727_AMZN,AMZN,2017-07-27,39,"So yes, those -- the growth rate of those 2 job categories actually exceeded the company growth rates.",-0.024818355640535274,negative
20170727_AMZN,AMZN,2017-07-27,40,So we are adding -- having success hiring a lot of people and pointing them at some very important programs and customer-facing efforts.,-0.024818355640535274,negative
20170727_AMZN,AMZN,2017-07-27,41,"On the place of physical, again, as I mentioned in the earlier question, we are experimenting with a number of formats.",-0.024818355640535274,negative
20170727_AMZN,AMZN,2017-07-27,42,"You've seen the physical bookstores, and I would say that the benefit there is -- again, we have a curated selection of titles and it's also a great opportunity for people to touch and feel our devices and see them, especially the new Echo devices.",-0.024818355640535274,negative
20170727_AMZN,AMZN,2017-07-27,43,"I went into the store in Seattle last week and I saw about 1/3 of the people were standing around the device table, learning how they work, how they interact with the devices.",-0.024818355640535274,negative
20170727_AMZN,AMZN,2017-07-27,44,So I saw firsthand the customer experience.,-0.024818355640535274,negative
20170727_AMZN,AMZN,2017-07-27,45,I think that's where we're seeing the benefit to the physical stores right now.,-0.024818355640535274,negative
20170727_AMZN,AMZN,2017-07-27,46,"Yes, let me start with the second one.",-0.024818355640535274,negative
20170727_AMZN,AMZN,2017-07-27,47,"So yes, we've had numerous price increase -- or decrease, excuse me, and we continue to have that in the AWS business, both absolute decreases in service costs and also rolling out new services that may be cannibalizing more expensive, other services that we provide.",-0.024818355640535274,negative
20170727_AMZN,AMZN,2017-07-27,48,So nothing really to note on Q2 or Q3 from that standpoint.,-0.024818355640535274,negative
20170727_AMZN,AMZN,2017-07-27,49,"The fulfillment investments, I can't split it out for you between Amazon Logistics support sort centers and fulfillment centers.",-0.024818355640535274,negative
20170727_AMZN,AMZN,2017-07-27,50,"What I can say, the biggest dynamic going on, again, is that Amazon-Fulfilled unit growth of nearly 40%, which was last year and carrying it to this year.",-0.024818355640535274,negative
20170727_AMZN,AMZN,2017-07-27,51,"It's a global number, and we are very glad of the success of the FBA program.",-0.024818355640535274,negative
20170727_AMZN,AMZN,2017-07-27,52,We're matching that with just over 30% increase in square footage.,-0.024818355640535274,negative
20170727_AMZN,AMZN,2017-07-27,53,"And yes, you're right, that does include some shipping sort centers and things that are incremental and new functions for us, if you will.",-0.024818355640535274,negative
20170727_AMZN,AMZN,2017-07-27,54,But that's about all I can say on that right now.,-0.024818355640535274,negative
20170727_AMZN,AMZN,2017-07-27,55,"I think we're very happy -- we're very happy with the FBA program, its impact on Prime and we think Prime and FBA are self-reinforcing.",-0.024818355640535274,negative
20170727_AMZN,AMZN,2017-07-27,56,"We know customers really like it, the additional selection that FBA provides.",-0.024818355640535274,negative
20170727_AMZN,AMZN,2017-07-27,57,"So we like those combined, and we are working very hard to match that with capacity in an efficient manner.",-0.024818355640535274,negative
20170727_AMZN,AMZN,2017-07-27,58,"On the price of Prime, I have nothing to add at this time.",-0.024818355640535274,negative
20170727_AMZN,AMZN,2017-07-27,59,We think that the -- we're increasing the value of the Prime program every day.,-0.024818355640535274,negative
20170727_AMZN,AMZN,2017-07-27,60,"So it becomes more and more valuable and again, as we've said, it's the best deal in retail.",-0.024818355640535274,negative
20170727_AMZN,AMZN,2017-07-27,61,"On AWS, yes, the -- we are seeing great customer adoption.",-0.024818355640535274,negative
20170727_AMZN,AMZN,2017-07-27,62,"The -- again, as I've said earlier, the run rate's gone up from $14 billion to $16 billion in Q2.",-0.024818355640535274,negative
20170727_AMZN,AMZN,2017-07-27,63,"And also, we had the largest sequential and year-over-year dollar rise in revenues.",-0.024818355640535274,negative
20170727_AMZN,AMZN,2017-07-27,64,"Our usage in all of our large services are actually accelerating, so -- and they're growing at a rate higher than our revenue growth.",-0.024818355640535274,negative
20170727_AMZN,AMZN,2017-07-27,65,So we're seeing great adoption.,-0.024818355640535274,negative
20170727_AMZN,AMZN,2017-07-27,66,"We are seeing AWS customers migrate more than 30,000 databases over the last 1.5 years.",-0.024818355640535274,negative
20170727_AMZN,AMZN,2017-07-27,67,"We've signed some very big customer wins like Ancestry, Hightail, California Polytechnic State University and others that we're very proud to have.",-0.024818355640535274,negative
20170727_AMZN,AMZN,2017-07-27,68,"So yes, the momentum in the businesses is very strong.",-0.024818355640535274,negative
20170727_AMZN,AMZN,2017-07-27,69,We continue to open new regions.,-0.024818355640535274,negative
20170727_AMZN,AMZN,2017-07-27,70,"We'll be opening 5 regions in the near future in France, China, Sweden, Hong Kong and a second government cloud region in the east.",-0.024818355640535274,negative
20170727_AMZN,AMZN,2017-07-27,71,"So yes, we like the momentum in that business.",-0.024818355640535274,negative
20170727_AMZN,AMZN,2017-07-27,72,"Stepping back, I would say that where pricing is important, again, we're generally being selected because of our functionality and pace of innovation.",-0.024818355640535274,negative
20170727_AMZN,AMZN,2017-07-27,73,The innovation keeps accelerating.,-0.024818355640535274,negative
20170727_AMZN,AMZN,2017-07-27,74,"It did in the first half of this year, the pace of new services and features.",-0.024818355640535274,negative
20170727_AMZN,AMZN,2017-07-27,75,"We also know that customers value our partner and customer ecosystem, and really the experience we've had.",-0.024818355640535274,negative
20170727_AMZN,AMZN,2017-07-27,76,We've been at this longer than anybody else.,-0.024818355640535274,negative
20170727_AMZN,AMZN,2017-07-27,77,"Those margins, as we say frequently, are going to fluctuate quarter-to-quarter and always going to be a net of investments, price reductions and cost efficiencies that we drive.",-0.024818355640535274,negative
20170727_AMZN,AMZN,2017-07-27,78,So I would say the biggest impact in the margin that you're seeing in Q2 is really around the 71% increase in assets acquired under capital leases.,-0.024818355640535274,negative
20170727_AMZN,AMZN,2017-07-27,79,Most of that is for the AWS business.,-0.024818355640535274,negative
20170727_AMZN,AMZN,2017-07-27,80,"So we've really stepped up the infrastructure to match the large usage growth and also the geographic expansion, and that is showing up in tech and content.",-0.024818355640535274,negative
20170727_AMZN,AMZN,2017-07-27,81,"On the marketing, if you look under the marketing expenses, they are also up and that is driven by the increases we're seeing in the sales team, both in AWS and advertising.",-0.024818355640535274,negative
20170727_AMZN,AMZN,2017-07-27,82,So I would point to those 2 as probably larger-than-normal impacts on Q2 operating margin.,-0.024818355640535274,negative
20170727_AMZN,AMZN,2017-07-27,83,Let me start with your second question.,-0.024818355640535274,negative
20170727_AMZN,AMZN,2017-07-27,84,"On the subscription revenue, grew 53% year-over-year versus 52% in Q1.",-0.024818355640535274,negative
20170727_AMZN,AMZN,2017-07-27,85,"So yes, we continue to see strong Prime membership growth.",-0.024818355640535274,negative
20170727_AMZN,AMZN,2017-07-27,86,"There's also, in that line item, are also other monthly fees associated with some of our other subscription services like audiobooks, eBooks, digital video and digital music.",-0.024818355640535274,negative
20170727_AMZN,AMZN,2017-07-27,87,"But again, I would say that we're very happy with the Prime membership growth, and it remained pretty consistent both in Q4 and then through Q1 and Q2 of this year.",-0.024818355640535274,negative
20170727_AMZN,AMZN,2017-07-27,88,"On your second question on Prime Now, so Prime Now is now available in 50 cities across 8 countries.",-0.024818355640535274,negative
20170727_AMZN,AMZN,2017-07-27,89,We do learn something new in every city and have different -- slightly different shapes and sizes of those buildings and different density profiles.,-0.024818355640535274,negative
20170727_AMZN,AMZN,2017-07-27,90,And so we are learning as we go.,-0.024818355640535274,negative
20170727_AMZN,AMZN,2017-07-27,91,We learn as we grow internationally as well.,-0.024818355640535274,negative
20170727_AMZN,AMZN,2017-07-27,92,That is a service that customers love.,-0.024818355640535274,negative
20170727_AMZN,AMZN,2017-07-27,93,"That's not an inexpensive service though, and we also have -- so we're constantly working on our cost of delivery and our route densities.",-0.024818355640535274,negative
20170727_AMZN,AMZN,2017-07-27,94,"And again, we like what we see, and we'll continue to expand that and we'll be working very hard on making that not only a valuable Prime offering, Prime benefit, but also lower-cost operation as well.",-0.024818355640535274,negative
20170727_AMZN,AMZN,2017-07-27,95,"Yes, it's early on the Echo Show.",-0.024818355640535274,negative
20170727_AMZN,AMZN,2017-07-27,96,"As you know, we just started shipping those in late June, but we're very excited about the potential and the additional -- the addition of the video screen and the messaging capability and video capability.",-0.024818355640535274,negative
20170727_AMZN,AMZN,2017-07-27,97,So it's -- I've used mine and it's awesome.,-0.024818355640535274,negative
20170727_AMZN,AMZN,2017-07-27,98,"It's a big step up, in my mind, but we'll get more customer feedback as we go along.",-0.024818355640535274,negative
20170727_AMZN,AMZN,2017-07-27,99,"On advertising, technically, what I said is the sales force has grown higher than the rate of growth in the business itself, which was 42% regular headcount, and that sales force is primarily AWS and advertising.",-0.024818355640535274,negative
20170727_AMZN,AMZN,2017-07-27,100,"So we build self-service tools and obviously that we want to make those as efficient as possible for customers and advertisers, but we realize it will need actual sales contact with accounts as well.",-0.024818355640535274,negative
20170727_AMZN,AMZN,2017-07-27,101,"I can't get into the split really, but I would see both growing.",-0.024818355640535274,negative
20170727_AMZN,AMZN,2017-07-27,102,I'll start with the second one.,-0.024818355640535274,negative
20170727_AMZN,AMZN,2017-07-27,103,"Yes, as you noted in the press release or the 8-K, we had an absolute step up from Q1 of $792 million to Q2 of $1.2 billion.",-0.024818355640535274,negative
20170727_AMZN,AMZN,2017-07-27,104,So it increased 51% year-over-year in Q2 versus a headcount increase of 42%.,-0.024818355640535274,negative
20170727_AMZN,AMZN,2017-07-27,105,I'll also say that we generally see a step up from Q1 to Q2 because we do our employee RSU grants in Q2 of each year.,-0.024818355640535274,negative
20170727_AMZN,AMZN,2017-07-27,106,"But the 51% year-over-year is also -- is a combination of the hiring we've done, but also an adjustment we've made to our estimated forfeiture rate.",-0.024818355640535274,negative
20170727_AMZN,AMZN,2017-07-27,107,"We're seeing less forfeitures, which is a great sign for our employee retention, but you have to make adjustments to your reserves as you see that.",-0.024818355640535274,negative
20170727_AMZN,AMZN,2017-07-27,108,So that was another influence in Q2.,-0.024818355640535274,negative
20170727_AMZN,AMZN,2017-07-27,109,"On operating margins internationally, I'd step back and say, we -- a lot of the investments we're making in North America, we're also making in international: Prime benefits, including Prime Video and remember, we launched global video in Q4 of last year to 200 countries; Prime Now; AmazonFresh; the general rise of FBA and added selection, both retail and FBA, to make Prime more attractive and the fulfillment and logistics costs that go with that, any additional constant effort to reduce prices and accelerate shipping.",-0.024818355640535274,negative
20170727_AMZN,AMZN,2017-07-27,110,So that all impacts both North America segment and international.,-0.024818355640535274,negative
20170727_AMZN,AMZN,2017-07-27,111,"The North America segment is a little further along in the Prime -- or excuse me, yes, the Prime membership growth curve.",-0.024818355640535274,negative
20170727_AMZN,AMZN,2017-07-27,112,"And so in some respects, we are giving benefits earlier in the life cycle to international Prime customers than we did in North America just because it launched later.",-0.024818355640535274,negative
20170727_AMZN,AMZN,2017-07-27,113,"As I mentioned, we continue to invest in India.",-0.024818355640535274,negative
20170727_AMZN,AMZN,2017-07-27,114,"We're very hopeful with the progress we've made with sellers and customers alike in India, and we see great momentum and success there.",-0.024818355640535274,negative
20170727_AMZN,AMZN,2017-07-27,115,"So we'll continue to invest, and we have some of our best people in that business.",-0.024818355640535274,negative
20170727_AMZN,AMZN,2017-07-27,116,"I'm sorry, what was the first part of your question.",-0.024818355640535274,negative
20170727_AMZN,AMZN,2017-07-27,117,In that other line item is advertising and also other things like co-branded credit card agreements.,-0.024818355640535274,negative
20170727_AMZN,AMZN,2017-07-27,118,"I would say that the main -- excuse me, advertising revenue growth has been strong and fairly consistent over the past 3 quarters.",-0.024818355640535274,negative
20170727_AMZN,AMZN,2017-07-27,119,"So that number will move around, but there's other things that more the variance in the volatility as in the other line items.",-0.024818355640535274,negative
20170727_AMZN,AMZN,2017-07-27,120,"We are -- again, I personally think that new devices -- the ability to see new devices is a great asset, but I don't want to shortchange our -- the rest of the bookstore and the ability to have curated selection and the creativity we've had in taking a new look at the bookstore.",-0.024818355640535274,negative
20170727_AMZN,AMZN,2017-07-27,121,"So we are experimenting with different formats, and we look at different sizes and we look at revenue and cost per square foot just like any other physical retailer.",-0.024818355640535274,negative
20170727_AMZN,AMZN,2017-07-27,122,"So we haven't essentially nailed the model yet, and we continue to experiment and see what works and how it differs by city or more suburban locations.",-0.024818355640535274,negative
20170801_AAPL,AAPL,2017-08-01,0,"Thank you, <UNK>, and good afternoon, and thanks, everyone, for joining us.",0.04725091636109469,positive
20170801_AAPL,AAPL,2017-08-01,1,"Today, we're proud to announce very strong results for our fiscal third quarter, with unit and revenue growth in all of our product categories.",0.04725091636109469,positive
20170801_AAPL,AAPL,2017-08-01,2,"We'll review our financial performance in detail, and I'd also like to talk about some of the major announcements we made in June at our Worldwide Developers Conference.",0.04725091636109469,positive
20170801_AAPL,AAPL,2017-08-01,3,"It was our biggest and best WWDC ever, and the advances we introduced across hardware, software and services will help us delight our customers and extend our competitive lead this fall and well into the future.",0.04725091636109469,positive
20170801_AAPL,AAPL,2017-08-01,4,"For the quarter, total revenue was at the high end of our guidance range at $45.4 billion.",0.04725091636109469,positive
20170801_AAPL,AAPL,2017-08-01,5,"That's an increase of 7% over last year, so our growth rate has accelerated in 3 successive quarters this fiscal year.",0.04725091636109469,positive
20170801_AAPL,AAPL,2017-08-01,6,"Gross margin was also at the high end of our guidance, and we generated a 17% increase in earnings per share.",0.04725091636109469,positive
20170801_AAPL,AAPL,2017-08-01,7,iPhone results were impressive with especially strong demand at the high end of our lineup.,0.04725091636109469,positive
20170801_AAPL,AAPL,2017-08-01,8,iPhone 7 was our most popular iPhone and sales of iPhone 7 Plus were up dramatically compared to 6s Plus in the June quarter last year.,0.04725091636109469,positive
20170801_AAPL,AAPL,2017-08-01,9,The combined iPhone 7 and 7 Plus family was up strong double digits year-over-year.,0.04725091636109469,positive
20170801_AAPL,AAPL,2017-08-01,10,"One decade after the initial iPhone launch, we have now surpassed 1.2 billion cumulative iPhones sold.",0.04725091636109469,positive
20170801_AAPL,AAPL,2017-08-01,11,"Services revenue hit an all-time quarterly record of $7.3 billion, representing 22% growth over last year.",0.04725091636109469,positive
20170801_AAPL,AAPL,2017-08-01,12,We continue to see great performance all around the world with double-digit growth in each of our geographic segments.,0.04725091636109469,positive
20170801_AAPL,AAPL,2017-08-01,13,"Over the last 12 months, our Services business has become the size of a Fortune 100 company, a milestone we've reached even sooner than we had expected.",0.04725091636109469,positive
20170801_AAPL,AAPL,2017-08-01,14,"We had very positive results for iPad, with broad-based growth in units, revenue and market share.",0.04725091636109469,positive
20170801_AAPL,AAPL,2017-08-01,15,iPad sales were up 15% year-over-year and grew across all of our geographic segments.,0.04725091636109469,positive
20170801_AAPL,AAPL,2017-08-01,16,We achieved our highest global market share in over 4 years based on IDC's latest estimate of tablet market results for the June quarter.,0.04725091636109469,positive
20170801_AAPL,AAPL,2017-08-01,17,"And in markets like China and Japan, over half of iPads sold were to people buying their very first iPad.",0.04725091636109469,positive
20170801_AAPL,AAPL,2017-08-01,18,Our iPad product lineup is stronger than ever.,0.04725091636109469,positive
20170801_AAPL,AAPL,2017-08-01,19,"The new iPad we launched in March offers great value and performance, and the all-new 10.5-inch iPad Pro launched in June features the world's most advanced display with ProMotion technology and is more powerful than most PC desktops.",0.04725091636109469,positive
20170801_AAPL,AAPL,2017-08-01,20,"iPad is the perfect tool for teaching in new and compelling ways, and our iPad results were especially strong in the U.<UNK> education market where sales were up 32% year-over-year to over 1 million units.",0.04725091636109469,positive
20170801_AAPL,AAPL,2017-08-01,21,We believe that coding is an essential skill that all students should learn.,0.04725091636109469,positive
20170801_AAPL,AAPL,2017-08-01,22,"We're thrilled that over 1.2 million students of all ages are now using iPad and Swift Playgrounds to learn the fundamentals of coding, and over 1,000 K-12 schools across the United States plan to use Apple's Everyone Can Code in their curricula this fall.",0.04725091636109469,positive
20170801_AAPL,AAPL,2017-08-01,23,"And for high school and community college students who want to pursue careers in the fast-growing app economy, we announced App Development with Swift, an innovative full year curriculum designed by Apple engineers and educators and provided free to schools to teach students to code and design fully functional apps, gaining critical job skills in software development and information technology.",0.04725091636109469,positive
20170801_AAPL,AAPL,2017-08-01,24,"I'd like to turn now to Mac, which gained global unit market share and reached new June quarter unit sales records in Mainland China and Japan.",0.04725091636109469,positive
20170801_AAPL,AAPL,2017-08-01,25,"Mac revenue grew 7% year-over-year, driven by the strength of the MacBook Pro and iMac despite IDC's latest estimate of a 4% unit contraction in the global PC market.",0.04725091636109469,positive
20170801_AAPL,AAPL,2017-08-01,26,"And with the refresh of almost our entire Mac lineup in June, we're off to a great start for the back-to-school season.",0.04725091636109469,positive
20170801_AAPL,AAPL,2017-08-01,27,"Sales of Apple Watch were up over 50% in the June quarter, and it's the #1 selling smartwatch in the world by a very wide margin.",0.04725091636109469,positive
20170801_AAPL,AAPL,2017-08-01,28,Apple Watch is having a positive impact on people's health and daily lives and motivating them to sit less and move more.,0.04725091636109469,positive
20170801_AAPL,AAPL,2017-08-01,29,"With features like built-in GPS and waterproofing, Apple Watch Series 2 is the perfect companion for hiking, running and swimming.",0.04725091636109469,positive
20170801_AAPL,AAPL,2017-08-01,30,"We're also seeing incredible enthusiasm for AirPods, with 98% customer satisfaction based on Creative Strategies' survey.",0.04725091636109469,positive
20170801_AAPL,AAPL,2017-08-01,31,"We have increased production capacity for AirPods and are working very hard to get them to customers as quickly as we can, but we are still not able to meet the strong level of demand.",0.04725091636109469,positive
20170801_AAPL,AAPL,2017-08-01,32,We made some big announcements during the June quarter that I'd like to quickly review.,0.04725091636109469,positive
20170801_AAPL,AAPL,2017-08-01,33,We launched a new investment in the future through our advanced manufacturing fund.,0.04725091636109469,positive
20170801_AAPL,AAPL,2017-08-01,34,We've earmarked at least $1 billion for this program aimed at helping our manufacturing partners develop innovative production capabilities and create high skill jobs in the United States.,0.04725091636109469,positive
20170801_AAPL,AAPL,2017-08-01,35,"We believe this can lay the foundation for a new era of technology-driven manufacturing in the U.<UNK> The first $200 million from the fund has been committed to Corning to support R&D, capital equipment needs and state-of-the-art glass processing.",0.04725091636109469,positive
20170801_AAPL,AAPL,2017-08-01,36,"And as we announced at WWDC, we have a very exciting fall ahead with stunning advances in iOS 11, macOS High Sierra and watchOS 4.",0.04725091636109469,positive
20170801_AAPL,AAPL,2017-08-01,37,"iOS 11 will make iPhone better than ever with Apple Pay peer-to-peer payments, an even more intelligent and natural Siri, new expressive Messages with full-screen effects, richer and more powerful Maps, enhanced live photos, Memories and portrait mode effects and much, much more.",0.04725091636109469,positive
20170801_AAPL,AAPL,2017-08-01,38,"iOS 11 will also take the iPad experience to a whole new level, with features such as a customizable dock, Multi-Touch drag-and-drop, powerful new multitasking, more efficient QuickType and great new markup and scanning capabilities.",0.04725091636109469,positive
20170801_AAPL,AAPL,2017-08-01,39,"One of the most exciting and most promising announcements from WWDC was the introduction of ARKit, a new set of tools for developers to create augmented reality apps.",0.04725091636109469,positive
20170801_AAPL,AAPL,2017-08-01,40,"It's still early in the beta period, but it's clear that ARKit has captured the imagination of our developer community.",0.04725091636109469,positive
20170801_AAPL,AAPL,2017-08-01,41,We think ARKit will help the most creative minds in the industry tap into the latest computer vision technologies to build engaging content.,0.04725091636109469,positive
20170801_AAPL,AAPL,2017-08-01,42,"We believe AR has broad mainstream applicability across education, entertainment, interactive gaming, enterprise and categories we probably haven't even thought of.",0.04725091636109469,positive
20170801_AAPL,AAPL,2017-08-01,43,"With hundreds of millions of people actively using iPhone and iPad today, iOS will become the world's biggest augmented reality platform as soon as iOS 11 ships.",0.04725091636109469,positive
20170801_AAPL,AAPL,2017-08-01,44,"With iOS 11, we're also bringing the power of machine learning to all Apple developers with Core ML, enabling capabilities like space detection, object tracking and natural language interpretation.",0.04725091636109469,positive
20170801_AAPL,AAPL,2017-08-01,45,Core ML lets developers incorporate machine learning technologies into their apps with all the processing done right on device so it respects our customers' data and privacy.,0.04725091636109469,positive
20170801_AAPL,AAPL,2017-08-01,46,"For Mac, we've provided a peek at the immersive gaming 3D and virtual reality experiences made possible with the upcoming release of macOS High Sierra and the amazingly powerful new iMac Pro.",0.04725091636109469,positive
20170801_AAPL,AAPL,2017-08-01,47,We're proud to make the best personal computers in the industry and are very excited to deliver even more innovation in the months to come.,0.04725091636109469,positive
20170801_AAPL,AAPL,2017-08-01,48,"Apple Watch will become more intelligent than ever this fall with watchOS 4, featuring a proactive Siri watch face, personalized activity coaching and an entirely new music experience.",0.04725091636109469,positive
20170801_AAPL,AAPL,2017-08-01,49,"watchOS 4 also introduces GymKit, a groundbreaking technology platform to connect workouts with cardio equipment.",0.04725091636109469,positive
20170801_AAPL,AAPL,2017-08-01,50,"We also previewed HomePod, a breakthrough wireless speaker for the home that delivers amazing audio quality and uses spatial awareness to sense its location in the room and adjust the audio automatically.",0.04725091636109469,positive
20170801_AAPL,AAPL,2017-08-01,51,"Visitors to our listening room at WWDC were blown away by the HomePod's incredible sound, which is unlike any other wireless home speaker on the market.",0.04725091636109469,positive
20170801_AAPL,AAPL,2017-08-01,52,"With deep knowledge of music, HomePod is designed to work with your Apple Music subscription to help you enjoy the music you already love as well as to discover great new music based on your personal preferences.",0.04725091636109469,positive
20170801_AAPL,AAPL,2017-08-01,53,"As an intelligent home assistant, HomePod is a great way to send messages, set a timer, get updates on new sports and weather or control smart HomeKit devices by simply asking Siri to turn on the lights, close the shades or activate a theme.",0.04725091636109469,positive
20170801_AAPL,AAPL,2017-08-01,54,"We can't wait to deliver all of these powerful innovations in the months to come, and we might even have some others to share with you later in the year.",0.04725091636109469,positive
20170801_AAPL,AAPL,2017-08-01,55,"Now for more details on the June quarter results, I'd like to turn the call over to <UNK>.",0.04725091636109469,positive
20170801_AAPL,AAPL,2017-08-01,56,"Revenue for the June quarter was $45.4 billion, up 7% over last year, an acceleration to the growth rate we recorded during the first half of our fiscal year.",0.04725091636109469,positive
20170801_AAPL,AAPL,2017-08-01,57,"We achieved these results despite a 200 basis point negative impact from foreign exchange on a year-over-year basis as currency movements, especially in Europe and China, affected our reported results.",0.04725091636109469,positive
20170801_AAPL,AAPL,2017-08-01,58,"Our performance was very strong across the board, with growth in all our product categories and almost every market around the world.",0.04725091636109469,positive
20170801_AAPL,AAPL,2017-08-01,59,"We achieved double-digit revenue growth in many developed markets, including the U.<UNK>, Canada, Germany, Spain, Australia and Korea, and emerging markets outside of Greater China grew 19% over a year ago.",0.04725091636109469,positive
20170801_AAPL,AAPL,2017-08-01,60,"Gross margin was 38.5%, at the high end of our guidance range.",0.04725091636109469,positive
20170801_AAPL,AAPL,2017-08-01,61,Operating margin was 23.7% of revenue and net income was $8.7 billion.,0.04725091636109469,positive
20170801_AAPL,AAPL,2017-08-01,62,"Diluted earnings per share were $1.67, up 17% over last year, and cash flow from operations was $8.4 billion.",0.04725091636109469,positive
20170801_AAPL,AAPL,2017-08-01,63,"During the quarter, we sold 41 million iPhones and reduced iPhone channel inventory by 3.3 million units, leaving us with our lowest level of channel inventory in 2.5 years and well within our 5- to 7-week target inventory range.",0.04725091636109469,positive
20170801_AAPL,AAPL,2017-08-01,64,"iPhone sales were up year-over-year in most markets we track, with many markets in Asia, Latin America and the Middle East growing unit sales by more than 25%.",0.04725091636109469,positive
20170801_AAPL,AAPL,2017-08-01,65,"We are very pleased with these iPhone results, especially considering the tough comparison to the June quarter last year when we launched iPhone SE.",0.04725091636109469,positive
20170801_AAPL,AAPL,2017-08-01,66,"iPhone ASP was $606, up from $595 a year ago, thanks to strong demand for iPhone 7 Plus, which represented a higher percentage of the iPhone mix compared to the Plus model a year ago.",0.04725091636109469,positive
20170801_AAPL,AAPL,2017-08-01,67,"The impact of the stronger mix on ASP was partially offset by negative foreign exchange year-over-year and the reduction in channel inventory, which took place entirely at the high end of the portfolio.",0.04725091636109469,positive
20170801_AAPL,AAPL,2017-08-01,68,Customer interest and satisfaction with iPhone are very strong with both consumers and business users.,0.04725091636109469,positive
20170801_AAPL,AAPL,2017-08-01,69,"In the U.<UNK>, the latest data from 451 Research on consumers indicates a 95% customer satisfaction rating for iPhone 7 and 99% for iPhone 7 Plus.",0.04725091636109469,positive
20170801_AAPL,AAPL,2017-08-01,70,"Among consumers planning to buy a smartphone, purchase intention for iPhone was nearly 3x the rate of our closest competitor.",0.04725091636109469,positive
20170801_AAPL,AAPL,2017-08-01,71,"Among corporate smartphone buyers, iOS customer satisfaction was 94%.",0.04725091636109469,positive
20170801_AAPL,AAPL,2017-08-01,72,"And of those planning to purchase smartphones in the September quarter, 78% plan to purchase an iPhone.",0.04725091636109469,positive
20170801_AAPL,AAPL,2017-08-01,73,"We set an all-time quarterly record of $7.3 billion, up 22% year-over-year.",0.04725091636109469,positive
20170801_AAPL,AAPL,2017-08-01,74,The App Store was a major driver of this performance.,0.04725091636109469,positive
20170801_AAPL,AAPL,2017-08-01,75,"And according to App Annie's latest report, it continues to be, by a wide margin, the preferred destination for customer purchases, generating nearly twice the revenue of Google Play.",0.04725091636109469,positive
20170801_AAPL,AAPL,2017-08-01,76,Revenue from our Apple Music streaming service and from iCloud storage also grew very strongly.,0.04725091636109469,positive
20170801_AAPL,AAPL,2017-08-01,77,"And across all our Services offerings, the number of paid subscriptions reached over 185 million, an increase of almost 20 million in the last 90 days alone.",0.04725091636109469,positive
20170801_AAPL,AAPL,2017-08-01,78,"The reach, usage and functionality of Apple Pay continue to grow.",0.04725091636109469,positive
20170801_AAPL,AAPL,2017-08-01,79,"We launched Apple Pay in Italy in May, and the UAE, Denmark, Finland and Sweden are scheduled to go live before the end of this calendar year.",0.04725091636109469,positive
20170801_AAPL,AAPL,2017-08-01,80,"Apple Pay is, by far, the #1 NFC payment service on mobile devices, with nearly 90% of all transactions globally.",0.04725091636109469,positive
20170801_AAPL,AAPL,2017-08-01,81,"Momentum is strongest in international markets where the infrastructure for mobile payments has developed faster than in the U.<UNK> In fact, 3 out of 4 Apple Pay transactions happen outside the U.<UNK> And with the launch of iOS 11 this fall, our users in the U.<UNK> will be able to make and receive person-to-person payments quickly, easily and securely.",0.04725091636109469,positive
20170801_AAPL,AAPL,2017-08-01,82,"Next, I'd like to talk about the Mac.",0.04725091636109469,positive
20170801_AAPL,AAPL,2017-08-01,83,"Thanks to great performance from the new MacBook Pro, we generated 7% revenue growth over last year and gained share in the global PC market based on the latest data from IDC.",0.04725091636109469,positive
20170801_AAPL,AAPL,2017-08-01,84,"Customer satisfaction for Mac is very strong at 97% in the most recent survey from 451 Research, and our active installed base of Macs has grown double digits over a year ago.",0.04725091636109469,positive
20170801_AAPL,AAPL,2017-08-01,85,"We ended the quarter within our 4- to 5-week target range for Mac channel inventory, and we have a great lineup of Macs for our customers heading into the busy back-to-school season.",0.04725091636109469,positive
20170801_AAPL,AAPL,2017-08-01,86,"We sold 11.4 million units, up 15% over last year.",0.04725091636109469,positive
20170801_AAPL,AAPL,2017-08-01,87,"We were happy to see iPad growth in each of our geographic segments, with strong double-digit increases in key markets such as the U.<UNK>, Japan, Germany, France and Greater China.",0.04725091636109469,positive
20170801_AAPL,AAPL,2017-08-01,88,We exited the quarter within our 5- to 7-week target range for iPad channel inventory.,0.04725091636109469,positive
20170801_AAPL,AAPL,2017-08-01,89,"NPD indicates that iPad had 55% share of the U.<UNK> tablet market in the month of June, including 8 of the 10 best-selling tablets.",0.04725091636109469,positive
20170801_AAPL,AAPL,2017-08-01,90,That's up from 46% share a year ago.,0.04725091636109469,positive
20170801_AAPL,AAPL,2017-08-01,91,"And among tablets priced over $200, iPad's share was 89%.",0.04725091636109469,positive
20170801_AAPL,AAPL,2017-08-01,92,"In addition, the most recent survey from 451 Research measured business and consumer satisfaction rates ranging from 95% to 99% across iPad models.",0.04725091636109469,positive
20170801_AAPL,AAPL,2017-08-01,93,"And among those planning to buy tablets, purchase intent for iPad was over 70%.",0.04725091636109469,positive
20170801_AAPL,AAPL,2017-08-01,94,Our enterprise business continues to expand and our customers are transforming the way work gets done with iOS and iPad.,0.04725091636109469,positive
20170801_AAPL,AAPL,2017-08-01,95,"Walmart will be deploying more than 19,000 iPads for employee training across 50 states, with projections of over 225,000 associates trained on iPad by the end of the year.",0.04725091636109469,positive
20170801_AAPL,AAPL,2017-08-01,96,The initial response from businesses to iOS 11 and the new iPad Pro has been amazing.,0.04725091636109469,positive
20170801_AAPL,AAPL,2017-08-01,97,"And companies, including Bank of America, Medtronic and Panera tell us that they will be rolling out the 10.5-inch iPad Pro throughout key areas of their organizations.",0.04725091636109469,positive
20170801_AAPL,AAPL,2017-08-01,98,We're also seeing real traction with our enterprise partners.,0.04725091636109469,positive
20170801_AAPL,AAPL,2017-08-01,99,"Just last month, we unveiled the next set of technology enhancements in our partnership with Cisco.",0.04725091636109469,positive
20170801_AAPL,AAPL,2017-08-01,100,This new wave adds a whole new category of security features designed to help enterprises and employees defend against growing cyber threats.,0.04725091636109469,positive
20170801_AAPL,AAPL,2017-08-01,101,We believe this investment in our joint security solutions for iOS will make cyber insurance even more attainable for businesses.,0.04725091636109469,positive
20170801_AAPL,AAPL,2017-08-01,102,"SAP is making great strides since launching the SAP Cloud Platform SDK for iOS in March, with a pipeline of hundreds of global opportunities.",0.04725091636109469,positive
20170801_AAPL,AAPL,2017-08-01,103,"SAP has also released SuccessFactors Mobile, its first native iOS app for human resources, which will support 47 million iPhone and iPad users worldwide across multiple industries.",0.04725091636109469,positive
20170801_AAPL,AAPL,2017-08-01,104,And our partnership with Deloitte has recently expanded to several more European countries.,0.04725091636109469,positive
20170801_AAPL,AAPL,2017-08-01,105,"We're helping clients transform their businesses with iOS, with jointly developed programs such as the Connected Store, a pop-up version of a retail environment demonstrating iOS tools for sales and demand generation as well as tailored apps for safe associates, store management and customers.",0.04725091636109469,positive
20170801_AAPL,AAPL,2017-08-01,106,"We also had a tremendous quarter for iPad in education, up 32% year-over-year.",0.04725091636109469,positive
20170801_AAPL,AAPL,2017-08-01,107,"Following the launch of our new iPad in March, an update to our popular Classroom app and continued enhancements to iOS that make managing iPads in the classroom even easier.",0.04725091636109469,positive
20170801_AAPL,AAPL,2017-08-01,108,"The Saint Paul Public School district in Minnesota is renewing its 1:1 program by deploying over 40,000 iPads across every student and teacher in the district.",0.04725091636109469,positive
20170801_AAPL,AAPL,2017-08-01,109,"iPad was chosen because of its power and durability, ease of use, multimedia and accessibility features and the extensive Catalog of iOS apps designed specifically for education.",0.04725091636109469,positive
20170801_AAPL,AAPL,2017-08-01,110,"The Shawnee Mission School District outside Kansas City recently purchased 19,000 iPads, extending its 1:1 program started in 2014, thanks to iPad's intuitive interface, superior reliability and expansive ecosystem of iOS tools for education.",0.04725091636109469,positive
20170801_AAPL,AAPL,2017-08-01,111,"It was a very busy quarter for our retail and online stores, which collectively welcomed over 300 million visitors.",0.04725091636109469,positive
20170801_AAPL,AAPL,2017-08-01,112,"In addition to our spectacular new store at the Dubai Mall, we opened our first stores in Singapore and in Taiwan during the quarter, expanding our total store footprint to 497 stores.",0.04725091636109469,positive
20170801_AAPL,AAPL,2017-08-01,113,"In May, we kicked off Today at Apple, with new in-store programming from music to photography to art and coding and our stores collectively hosted 87,000 sessions during the quarter.",0.04725091636109469,positive
20170801_AAPL,AAPL,2017-08-01,114,"As Tim mentioned last quarter, we have entered a new chapter in retail with unique and rewarding experience for our customers and some stunning new stores coming in the near future.",0.04725091636109469,positive
20170801_AAPL,AAPL,2017-08-01,115,Let me now turn to our cash position.,0.04725091636109469,positive
20170801_AAPL,AAPL,2017-08-01,116,"We ended the quarter with $261.5 billion in cash plus marketable securities, a sequential increase of $4.7 billion.",0.04725091636109469,positive
20170801_AAPL,AAPL,2017-08-01,117,"$246 billion of this cash, 94% of the total, was outside the United States.",0.04725091636109469,positive
20170801_AAPL,AAPL,2017-08-01,118,"We retired $3.5 billion of debt and issued the equivalent of $10.8 billion in new euro- and U.<UNK> dollar-denominated debt during the quarter, including our second green bond, bringing us to $96.4 billion in term debt and $12 billion in commercial paper outstanding.",0.04725091636109469,positive
20170801_AAPL,AAPL,2017-08-01,119,We also returned $11.7 billion to investors during the quarter.,0.04725091636109469,positive
20170801_AAPL,AAPL,2017-08-01,120,We paid $3.4 billion in dividends and equivalents and spent $4.5 billion on repurchases of 30.4 million Apple shares through open market transactions.,0.04725091636109469,positive
20170801_AAPL,AAPL,2017-08-01,121,"We launched a new $3 billion ASR program, resulting in initial delivery and retirement of 15.6 million shares.",0.04725091636109469,positive
20170801_AAPL,AAPL,2017-08-01,122,And we retired 3.4 million shares upon the completion of our 10th ASR during the quarter.,0.04725091636109469,positive
20170801_AAPL,AAPL,2017-08-01,123,"We have now completed $222.9 billion of our $300 billion capital return program, including $158.5 billion in share repurchases.",0.04725091636109469,positive
20170801_AAPL,AAPL,2017-08-01,124,"As we move ahead into the September quarter, I'd like to review our outlook, which includes the types of forward-looking information that <UNK> referred to at the beginning of the call.",0.04725091636109469,positive
20170801_AAPL,AAPL,2017-08-01,125,We expect revenue to be between $49 billion and $52 billion.,0.04725091636109469,positive
20170801_AAPL,AAPL,2017-08-01,126,We expect gross margin to be between 37.5% and 38%.,0.04725091636109469,positive
20170801_AAPL,AAPL,2017-08-01,127,We expect OpEx to be between $6.7 billion and $6.8 billion.,0.04725091636109469,positive
20170801_AAPL,AAPL,2017-08-01,128,"We expect OI&E to be about $500 million, and we expect the tax rate to be about 25.5%.",0.04725091636109469,positive
20170801_AAPL,AAPL,2017-08-01,129,"Also today, our Board of Directors has declared a cash dividend of $0.63 per share of common stock payable on August 17, 2017, to shareholders of record as of August 14, 2017.",0.04725091636109469,positive
20170801_AAPL,AAPL,2017-08-01,130,"With that, I'd like to open the call to questions.",0.04725091636109469,positive
20170801_AAPL,AAPL,2017-08-01,131,"Katy, sequentially from 38.5% that we just reported, typically, we have product transition costs during the September quarter.",0.04725091636109469,positive
20170801_AAPL,AAPL,2017-08-01,132,This happens fairly regularly for us.,0.04725091636109469,positive
20170801_AAPL,AAPL,2017-08-01,133,We also have a more difficult memory pricing environment this year than a year ago.,0.04725091636109469,positive
20170801_AAPL,AAPL,2017-08-01,134,And we think that we're going to be able to partially offset this with a positive leverage.,0.04725091636109469,positive
20170801_AAPL,AAPL,2017-08-01,135,"As you've seen, we've guided up sequentially in revenue.",0.04725091636109469,positive
20170801_AAPL,AAPL,2017-08-01,136,So those are the major puts and takes.,0.04725091636109469,positive
20170801_AAPL,AAPL,2017-08-01,137,"In terms of the range that we use for gross margins, we have a fairly good understanding on where we are with our hedging program, and that allows us to mitigate some of the volatility there.",0.04725091636109469,positive
20170801_AAPL,AAPL,2017-08-01,138,"So we felt we could guide to a slightly narrowed range, which we've done occasionally in the past.",0.04725091636109469,positive
20170801_AAPL,AAPL,2017-08-01,139,"Katy, as <UNK> mentioned, we did assume some transitional costs in our guidance for the quarter as is typically the case.",0.04725091636109469,positive
20170801_AAPL,AAPL,2017-08-01,140,And we're looking very much forward to the product rollouts.,0.04725091636109469,positive
20170801_AAPL,AAPL,2017-08-01,141,We were very encouraged by the results this quarter.,0.04725091636109469,positive
20170801_AAPL,AAPL,2017-08-01,142,"We improved, as we thought we would, from the previous quarters a little more than I thought we would.",0.04725091636109469,positive
20170801_AAPL,AAPL,2017-08-01,143,"If you look underneath the numbers, Mainland China was actually flat year-over-year during Q3.",0.04725091636109469,positive
20170801_AAPL,AAPL,2017-08-01,144,"And in constant-currency terms, we were actually up 6% in Mainland China.",0.04725091636109469,positive
20170801_AAPL,AAPL,2017-08-01,145,And so we're very encouraged by that.,0.04725091636109469,positive
20170801_AAPL,AAPL,2017-08-01,146,iPad grew dramatically more than the market.,0.04725091636109469,positive
20170801_AAPL,AAPL,2017-08-01,147,The Mac grew much more than the market.,0.04725091636109469,positive
20170801_AAPL,AAPL,2017-08-01,148,iPhone was relatively flat year-on-year as the same sort of -- similar as the market was.,0.04725091636109469,positive
20170801_AAPL,AAPL,2017-08-01,149,And so we see all of those as very encouraging signs.,0.04725091636109469,positive
20170801_AAPL,AAPL,2017-08-01,150,"On top of that, Services grew extremely strongly during the quarter.",0.04725091636109469,positive
20170801_AAPL,AAPL,2017-08-01,151,The -- Hong Kong continued to drag down the total Greater China segment.,0.04725091636109469,positive
20170801_AAPL,AAPL,2017-08-01,152,"And -- but on a sequential basis, we're probably sort of at the trough of that, which is nice.",0.04725091636109469,positive
20170801_AAPL,AAPL,2017-08-01,153,"With the peg to the dollar there, from a currency point of view and tourism being what it is, I don't really know when that market will come back.",0.04725091636109469,positive
20170801_AAPL,AAPL,2017-08-01,154,But what I -- what we see in the mainland is definitely much more encouraging.,0.04725091636109469,positive
20170801_AAPL,AAPL,2017-08-01,155,It's interesting to note that upgraders through -- both for the quarter and actually for the full fiscal year to date was our highest ever.,0.04725091636109469,positive
20170801_AAPL,AAPL,2017-08-01,156,And so that we felt very good about.,0.04725091636109469,positive
20170801_AAPL,AAPL,2017-08-01,157,"In terms of WeChat, the way that I look at this is because our share -- because iOS share is not nearly a majority of the market in China, the fact that a lot of people use that, it makes the switching opportunity even greater.",0.04725091636109469,positive
20170801_AAPL,AAPL,2017-08-01,158,And I think that's more the case than the risk that a lot of folks have pointed out.,0.04725091636109469,positive
20170801_AAPL,AAPL,2017-08-01,159,And so I see Tencent as one of our biggest and best developers.,0.04725091636109469,positive
20170801_AAPL,AAPL,2017-08-01,160,They've done a great job of implementing a lot of iOS features in their apps.,0.04725091636109469,positive
20170801_AAPL,AAPL,2017-08-01,161,And we're looking forward to working with them even more to build even greater experiences for our mutual users in China.,0.04725091636109469,positive
20170801_AAPL,AAPL,2017-08-01,162,"The -- from an absolute quantity point of view, the upgrades for this fiscal year are the highest that we've seen and so we feel good about that.",0.04725091636109469,positive
20170801_AAPL,AAPL,2017-08-01,163,"However, if you look at it from an upgrade rate point of view instead of the absolute number, the rate is similar to what we saw with the previous iPhones, except for iPhone 6, which as we've called out in the past, had an abnormally high upgrade rate.",0.04725091636109469,positive
20170801_AAPL,AAPL,2017-08-01,164,"We do think that based on the amount of rumors and the volume of them, that there's some pause in our current numbers.",0.04725091636109469,positive
20170801_AAPL,AAPL,2017-08-01,165,"And so where that affects us in the short term, even though we had great results, it probably bodes well later on.",0.04725091636109469,positive
20170801_AAPL,AAPL,2017-08-01,166,Switching outside of China was up year-on-year and so we're happy with that.,0.04725091636109469,positive
20170801_AAPL,AAPL,2017-08-01,167,"We continue to see people moving over to iOS, and it helped with us making the results that <UNK> announced earlier, including the channel inventory reduction.",0.04725091636109469,positive
20170801_AAPL,AAPL,2017-08-01,168,"Starting with the U.<UNK> -- and let me just take this question from what are we doing to increase jobs, which I think is probably where it's rooted.",0.04725091636109469,positive
20170801_AAPL,AAPL,2017-08-01,169,There's -- we've created 2 million jobs in the U.<UNK> and we're incredibly proud of that.,0.04725091636109469,positive
20170801_AAPL,AAPL,2017-08-01,170,"We do view that we have a responsibility in the U.<UNK> to increase economic activity, including increasing jobs because Apple could have only been created here.",0.04725091636109469,positive
20170801_AAPL,AAPL,2017-08-01,171,"And so as we look at that 2 million, there are 3 main categories of that, and we have actions going on in each of them to further build on that momentum.",0.04725091636109469,positive
20170801_AAPL,AAPL,2017-08-01,172,"The first category is app development, about 3/4 of the 2 million are app developers.",0.04725091636109469,positive
20170801_AAPL,AAPL,2017-08-01,173,"And we're doing an enormous amount of things to deliver curriculum to both K-12 with Swift Playgrounds and the K-6 area; other curriculum, as you proceed beyond Grade 6, under the Everyone Can Code area.",0.04725091636109469,positive
20170801_AAPL,AAPL,2017-08-01,174,"And just a couple of months ago, we announced a new curriculum that's focused on community schools and community colleges, junior colleges, technical colleges for kids that did not have coding in their elementary and high school years.",0.04725091636109469,positive
20170801_AAPL,AAPL,2017-08-01,175,And so we're excited about that because we think it could increase the diversity of the developer community and the quantity.,0.04725091636109469,positive
20170801_AAPL,AAPL,2017-08-01,176,"And I think this area, in general and all the things we do for the developer community, will be the largest contribution that Apple can make because this is the fastest-growing job segment in the country, and I think will be for quite some time.",0.04725091636109469,positive
20170801_AAPL,AAPL,2017-08-01,177,"If you look at the second area, it's -- we have purchased or we purchased last year about $50 billion worth of goods and services from U.<UNK>-based suppliers.",0.04725091636109469,positive
20170801_AAPL,AAPL,2017-08-01,178,"Some significant portion of those are manufacturing-related, and so we've asked ourselves, what can we do to increase this.",0.04725091636109469,positive
20170801_AAPL,AAPL,2017-08-01,179,"And you may have seen that at the beginning of the quarter, sometime in April, I believe, we announced a fund, an advanced manufacturing fund that we're initially placing $1 billion in.",0.04725091636109469,positive
20170801_AAPL,AAPL,2017-08-01,180,And we've already deployed $200 million of that.,0.04725091636109469,positive
20170801_AAPL,AAPL,2017-08-01,181,And the first recipient is Corning in Kentucky and they'll be using that money to expand the plant to make very innovative glass.,0.04725091636109469,positive
20170801_AAPL,AAPL,2017-08-01,182,And we purchase that glass and essentially export it to the world with iPhones and iPads.,0.04725091636109469,positive
20170801_AAPL,AAPL,2017-08-01,183,We think there's more of these that we can do.,0.04725091636109469,positive
20170801_AAPL,AAPL,2017-08-01,184,I think there's probably several plants that can benefit from having some investment to grow or expand or even maybe set up shop in the U.<UNK> for the first time.,0.04725091636109469,positive
20170801_AAPL,AAPL,2017-08-01,185,So we're very excited about that.,0.04725091636109469,positive
20170801_AAPL,AAPL,2017-08-01,186,And then the third area is we have about 2/3 or so of our total employee base is in the U.<UNK> despite only 1/3 of our revenues being here.,0.04725091636109469,positive
20170801_AAPL,AAPL,2017-08-01,187,And we'll have some things that we'll say about that later in the year.,0.04725091636109469,positive
20170801_AAPL,AAPL,2017-08-01,188,"And so that's what we're doing from a job growth point of view and we're very, very proud of that.",0.04725091636109469,positive
20170801_AAPL,AAPL,2017-08-01,189,If you -- now turning to China.,0.04725091636109469,positive
20170801_AAPL,AAPL,2017-08-01,190,Let me sort of comment on what I assumed is at the root of your question about this VPN kind of issue.,0.04725091636109469,positive
20170801_AAPL,AAPL,2017-08-01,191,Let me just address that head on.,0.04725091636109469,positive
20170801_AAPL,AAPL,2017-08-01,192,"The central government in China, back in 2015, started tightening the regulations associated with VPN apps.",0.04725091636109469,positive
20170801_AAPL,AAPL,2017-08-01,193,And we have a number of those on our store.,0.04725091636109469,positive
20170801_AAPL,AAPL,2017-08-01,194,"The -- essentially, as a requirement to -- for someone to operate a VPN, they have to have a license from the government there.",0.04725091636109469,positive
20170801_AAPL,AAPL,2017-08-01,195,"Earlier this year, they began a renewed effort to enforce that policy, and we were required by the government to remove some of the VPN apps from the App Store that don't meet these new regulations.",0.04725091636109469,positive
20170801_AAPL,AAPL,2017-08-01,196,"We understand that those same requirements are on other app stores, and as we checked through that, that is the case.",0.04725091636109469,positive
20170801_AAPL,AAPL,2017-08-01,197,"Today, there's actually still hundreds of VPN apps on the App Store, including hundreds by developers that are outside China.",0.04725091636109469,positive
20170801_AAPL,AAPL,2017-08-01,198,And so there continues to be VPN apps available.,0.04725091636109469,positive
20170801_AAPL,AAPL,2017-08-01,199,"We would obviously rather not remove the apps, but we -- like we do in other countries, we follow the law wherever we do business.",0.04725091636109469,positive
20170801_AAPL,AAPL,2017-08-01,200,And we strongly believe that participating in markets and bringing benefits to customers is in the best interest of the folks there and in other countries as well.,0.04725091636109469,positive
20170801_AAPL,AAPL,2017-08-01,201,And so we believe in engaging with governments even when we disagree.,0.04725091636109469,positive
20170801_AAPL,AAPL,2017-08-01,202,"And in this particular case, now back to commenting on this one, we're hopeful that over time, the restrictions that we're seeing are loosened because innovation really requires freedom to collaborate and communicate.",0.04725091636109469,positive
20170801_AAPL,AAPL,2017-08-01,203,"And I know that, that is a major focus there.",0.04725091636109469,positive
20170801_AAPL,AAPL,2017-08-01,204,And so that's sort of what we're seeing from that point of view.,0.04725091636109469,positive
20170801_AAPL,AAPL,2017-08-01,205,Some folks have tried to link it to the U.<UNK> situation last year and they're very different.,0.04725091636109469,positive
20170801_AAPL,AAPL,2017-08-01,206,"In the case of the U.<UNK>, the law in the U.<UNK> supported us.",0.04725091636109469,positive
20170801_AAPL,AAPL,2017-08-01,207,"In the case of China, the law is also very clear there.",0.04725091636109469,positive
20170801_AAPL,AAPL,2017-08-01,208,"And like we would if the U.<UNK> changed the law here, we'd have to abide by them in both cases.",0.04725091636109469,positive
20170801_AAPL,AAPL,2017-08-01,209,That doesn't mean that we don't state our point of view in the appropriate way; we always do that.,0.04725091636109469,positive
20170801_AAPL,AAPL,2017-08-01,210,"And so hopefully, that's a little bit probably more than you wanted to know but I wanted to tell you.",0.04725091636109469,positive
20170801_AAPL,AAPL,2017-08-01,211,"I think the upgrade rate is a function of many, many different things, from the size of the installed base, the age of the installed base, the product that is new at the time, the regional distribution, the upgrade plans that are in various markets around the world.",0.04725091636109469,positive
20170801_AAPL,AAPL,2017-08-01,212,"And so I think there's many, many factors in that it's not a simple thing that you can apply a set formula to -- or one variable or a couple of variable formula, in my opinion.",0.04725091636109469,positive
20170801_AAPL,AAPL,2017-08-01,213,"And -- but I think in general, because our installed base is -- was up strong double digit once again, there's a lot of factors that are very positive for us.",0.04725091636109469,positive
20170801_AAPL,AAPL,2017-08-01,214,"And between the upgraders and the switchers that we see and still -- the first-time buyer category is still out here, too, in several countries, including some that you may not think there is, there is still sizable base in some.",0.04725091636109469,positive
20170801_AAPL,AAPL,2017-08-01,215,"Between those 3 areas, I think we have a lot of opportunity.",0.04725091636109469,positive
20170801_AAPL,AAPL,2017-08-01,216,"As you know, Toni, we do not guide on channel inventory.",0.04725091636109469,positive
20170801_AAPL,AAPL,2017-08-01,217,"We are providing a fairly wide range from a revenue standpoint, so obviously, that also has an impact on potential channel inventory levels.",0.04725091636109469,positive
20170801_AAPL,AAPL,2017-08-01,218,One thing that I would tell you is that we feel very good about the performance of the business right now.,0.04725091636109469,positive
20170801_AAPL,AAPL,2017-08-01,219,We think that our Services business will continue to grow well.,0.04725091636109469,positive
20170801_AAPL,AAPL,2017-08-01,220,We've got a lot of momentum on iPad and Mac because we refreshed the lineups of those products.,0.04725091636109469,positive
20170801_AAPL,AAPL,2017-08-01,221,Watch and AirPods are doing incredibly well.,0.04725091636109469,positive
20170801_AAPL,AAPL,2017-08-01,222,We're getting a lot of positive customer feedback.,0.04725091636109469,positive
20170801_AAPL,AAPL,2017-08-01,223,"And I think in general, even the performance in China, Tim has mentioned it, we think that the performance will continue to improve.",0.04725091636109469,positive
20170801_AAPL,AAPL,2017-08-01,224,So those are the drivers of our guidance range for the quarter.,0.04725091636109469,positive
20170801_AAPL,AAPL,2017-08-01,225,"On the first part of your question about original content, we have done some original content.",0.04725091636109469,positive
20170801_AAPL,AAPL,2017-08-01,226,"Currently, we have some more that's launching in a week or so that will be made available on Apple Music.",0.04725091636109469,positive
20170801_AAPL,AAPL,2017-08-01,227,The objective of this is really twofold.,0.04725091636109469,positive
20170801_AAPL,AAPL,2017-08-01,228,"The one is for our own learning, given that we're new in the video space in terms of creation; and two is to give the Apple Music subscribers some exclusive content and hopefully grow our subscriber base.",0.04725091636109469,positive
20170801_AAPL,AAPL,2017-08-01,229,And we've recently hired 2 great folks with lots of experience in creating content like Breaking Bad and The Crown and some really top-notch content.,0.04725091636109469,positive
20170801_AAPL,AAPL,2017-08-01,230,"And so we'll see how this area goes, but it's still an area of great interest.",0.04725091636109469,positive
20170801_AAPL,AAPL,2017-08-01,231,"In terms of autonomous systems, what we've said is that we are very focused on autonomous systems from a core technology point of view.",0.04725091636109469,positive
20170801_AAPL,AAPL,2017-08-01,232,We do have a large project going and are making a big investment in this.,0.04725091636109469,positive
20170801_AAPL,AAPL,2017-08-01,233,"From our point of view, autonomy is sort of the mother of all AI projects.",0.04725091636109469,positive
20170801_AAPL,AAPL,2017-08-01,234,"And the autonomous systems can be used in a variety of ways, and a vehicle is only one, but there are many different areas of it.",0.04725091636109469,positive
20170801_AAPL,AAPL,2017-08-01,235,And I don't want to go any further with that.,0.04725091636109469,positive
20170801_AAPL,AAPL,2017-08-01,236,But thank you for the question.,0.04725091636109469,positive
20170801_AAPL,AAPL,2017-08-01,237,"Mike, that is a great question.",0.04725091636109469,positive
20170801_AAPL,AAPL,2017-08-01,238,Since we -- and I could not be more excited about AR and what we're seeing with ARKit and the early going.,0.04725091636109469,positive
20170801_AAPL,AAPL,2017-08-01,239,"And to answer a question about what category it starts in, just take a look at what's already on the web in terms of what people are doing and it is all over the place.",0.04725091636109469,positive
20170801_AAPL,AAPL,2017-08-01,240,"From entertainment to gaming, I've seen what I would call more small business solutions.",0.04725091636109469,positive
20170801_AAPL,AAPL,2017-08-01,241,I've seen enterprise solutions.,0.04725091636109469,positive
20170801_AAPL,AAPL,2017-08-01,242,I think AR is big and profound.,0.04725091636109469,positive
20170801_AAPL,AAPL,2017-08-01,243,And this is one of those huge things that we'll look back at and marvel on the start of it.,0.04725091636109469,positive
20170801_AAPL,AAPL,2017-08-01,244,So I think that customers are going to see it in a variety of ways.,0.04725091636109469,positive
20170801_AAPL,AAPL,2017-08-01,245,"Enterprise, it takes a little longer sometimes to get going, but I can already tell you, there's lots of excitement in there, and I think we'll start to see some applications there as well.",0.04725091636109469,positive
20170801_AAPL,AAPL,2017-08-01,246,And it feels great to get this thing going at a level that can sort of get all of the developers behind it.,0.04725091636109469,positive
20170801_AAPL,AAPL,2017-08-01,247,So I couldn't be more excited about it.,0.04725091636109469,positive
20170801_AAPL,AAPL,2017-08-01,248,Our Services business is very broad.,0.04725091636109469,positive
20170801_AAPL,AAPL,2017-08-01,249,"We got multiple categories in the Services business, so it's difficult to talk about ARPU in general.",0.04725091636109469,positive
20170801_AAPL,AAPL,2017-08-01,250,It doesn't make a lot of sense.,0.04725091636109469,positive
20170801_AAPL,AAPL,2017-08-01,251,The reason for the acceleration also here is multiple factors.,0.04725091636109469,positive
20170801_AAPL,AAPL,2017-08-01,252,"One that is very, very important for us is the fact that the App Store, which is the largest of our Services categories, is seeing an increasingly larger amount of paying accounts.",0.04725091636109469,positive
20170801_AAPL,AAPL,2017-08-01,253,"On a year-over-year basis, the number of accounts that are actually transacting and paying on the App Store is growing very, very well.",0.04725091636109469,positive
20170801_AAPL,AAPL,2017-08-01,254,It is happening for a variety of reasons.,0.04725091636109469,positive
20170801_AAPL,AAPL,2017-08-01,255,"One of them, for example, is the fact that we are making it easier for customers to pay on the App Store.",0.04725091636109469,positive
20170801_AAPL,AAPL,2017-08-01,256,"Outside the United States, in many markets, not every form of payment is accepted.",0.04725091636109469,positive
20170801_AAPL,AAPL,2017-08-01,257,We're making it easier all the time.,0.04725091636109469,positive
20170801_AAPL,AAPL,2017-08-01,258,"We launched on Alipay, for example, in China during the December quarter.",0.04725091636109469,positive
20170801_AAPL,AAPL,2017-08-01,259,That has obviously helped a lot with the growth in the number of paid accounts.,0.04725091636109469,positive
20170801_AAPL,AAPL,2017-08-01,260,And we continue to bring more and more forms of payment in the App Store around the world.,0.04725091636109469,positive
20170801_AAPL,AAPL,2017-08-01,261,"The other reason why the number of paying accounts is growing is the fact that the quality and the quantity of content continues to improve, and so there's many more ways of experiencing games and entertainment and other apps on the store.",0.04725091636109469,positive
20170801_AAPL,AAPL,2017-08-01,262,"We have other businesses like the Apple Music streaming service, which is growing very fast because we just started it a couple of years ago, so we are getting a lot of new subscribers there.",0.04725091636109469,positive
20170801_AAPL,AAPL,2017-08-01,263,"Our iCloud storage business continues to grow very, very fast.",0.04725091636109469,positive
20170801_AAPL,AAPL,2017-08-01,264,The number of people transacting on our stores continues to grow.,0.04725091636109469,positive
20170801_AAPL,AAPL,2017-08-01,265,"In terms of ARPU, and maybe I can make a comment on ARPU specifically related to the App Store.",0.04725091636109469,positive
20170801_AAPL,AAPL,2017-08-01,266,"What we're seeing and we've seen over a long period of time as we keep track of these cohorts of customers, we see that as customers get on the App Store and start spending on it, we see this profile, spending profile is very similar across generations of customers.",0.04725091636109469,positive
20170801_AAPL,AAPL,2017-08-01,267,People tend to spend more over time.,0.04725091636109469,positive
20170801_AAPL,AAPL,2017-08-01,268,"Obviously, you have different spending profiles in different geographies around the world, but in general, you see that trend across the board.",0.04725091636109469,positive
20170801_AAPL,AAPL,2017-08-01,269,We have no comment on anything that's unannounced.,0.04725091636109469,positive
20170801_AAPL,AAPL,2017-08-01,270,"The answer to your first question is yes, I do think that we can grow both in units and market share.",0.04725091636109469,positive
20170801_AAPL,AAPL,2017-08-01,271,We don't predict those things.,0.04725091636109469,positive
20170801_AAPL,AAPL,2017-08-01,272,"But yes, if you ask me what I think, that's what I think.",0.04725091636109469,positive
20170801_AAPL,AAPL,2017-08-01,273,The installed base is growing.,0.04725091636109469,positive
20170801_AAPL,AAPL,2017-08-01,274,It's still growing very strongly.,0.04725091636109469,positive
20170801_AAPL,AAPL,2017-08-01,275,That will generate more upgrades over time.,0.04725091636109469,positive
20170801_AAPL,AAPL,2017-08-01,276,I feel good about our ability to convince people to switch.,0.04725091636109469,positive
20170801_AAPL,AAPL,2017-08-01,277,"And where the developed markets, the first-time buyer rates are down other than places like Japan perhaps.",0.04725091636109469,positive
20170801_AAPL,AAPL,2017-08-01,278,"The emerging markets, we haven't even got started yet really.",0.04725091636109469,positive
20170801_AAPL,AAPL,2017-08-01,279,"And from a revenue point of view, we had very strong growth there on emerging markets ex China, we're up like 18% year-on-year.",0.04725091636109469,positive
20170801_AAPL,AAPL,2017-08-01,280,So we see a lot of opportunity in these markets.,0.04725091636109469,positive
20170801_AAPL,AAPL,2017-08-01,281,"As you mentioned in your second point, we've already launched an app accelerator center, that's on top of working with the channel and looking at expanding our go-to-market in general.",0.04725091636109469,positive
20170801_AAPL,AAPL,2017-08-01,282,"And we've began to produce the iPhone SE there during the quarter, and we're really happy with how that's going, and so we're bringing all of our energies to bear there.",0.04725091636109469,positive
20170801_AAPL,AAPL,2017-08-01,283,I see a lot of similarities where China was several years ago.,0.04725091636109469,positive
20170801_AAPL,AAPL,2017-08-01,284,"And so I'm very, very bullish and very, very optimistic about India.",0.04725091636109469,positive
20180201_AMZN,AMZN,2018-02-01,0,Let me address your question by answering the entire company.,0.028741007194244637,neutral
20180201_AMZN,AMZN,2018-02-01,1,I'll note where the North America elements are strongest.,0.028741007194244637,neutral
20180201_AMZN,AMZN,2018-02-01,2,"So for the quarter, we came in at the highest end of our revenue range, $60.5 billion, 26 -- 36% FX-neutral growth and 25% FX-neutral growth, excluding the Whole Foods acquisition.",0.028741007194244637,neutral
20180201_AMZN,AMZN,2018-02-01,3,"So the fact that we came in at the high end of the range, volume was high, especially in North America, and a lot of times in Q4 and other quarters actually, we see better efficiencies when the warehouses are busy.",0.028741007194244637,neutral
20180201_AMZN,AMZN,2018-02-01,4,"So it was very clean operational quarter, I would say.",0.028741007194244637,neutral
20180201_AMZN,AMZN,2018-02-01,5,The ops team did a great job handling record volumes in Q4 and also incorporating all the new capacity we had opened in 2017.,0.028741007194244637,neutral
20180201_AMZN,AMZN,2018-02-01,6,"If you remember, we have added over 30% to our fulfillment square footage in 2017, coming off a similar increase in 2016.",0.028741007194244637,neutral
20180201_AMZN,AMZN,2018-02-01,7,"So amid all these opening of new buildings, many of them late in the year, the ops team did a fantastic job.",0.028741007194244637,neutral
20180201_AMZN,AMZN,2018-02-01,8,"Advertising was also a key contributor as we're continuing to make more value -- the offerings more valuable, both to customers and advertisers alike, and that was particularly strong in North America.",0.028741007194244637,neutral
20180201_AMZN,AMZN,2018-02-01,9,"Although not in the North America segment, I would also point out, AWS had a strong quarter, accelerating growth versus Q3 and also expanding operating margins by 100 basis points.",0.028741007194244637,neutral
20180201_AMZN,AMZN,2018-02-01,10,"So particularly in North America, I would say it was the -- the strong volume -- top line volume, combined with increased advertising revenues and also a very clean operational performance.",0.028741007194244637,neutral
20180201_AMZN,AMZN,2018-02-01,11,"Obviously, there's a lot of things that can happen in Q4 from weather to demand patterns changing.",0.028741007194244637,neutral
20180201_AMZN,AMZN,2018-02-01,12,"We've seen additional costs creep in, in the name of customer experience in prior years.",0.028741007194244637,neutral
20180201_AMZN,AMZN,2018-02-01,13,"And this was, in hindsight, probably one of the cleaner Q4s recently.",0.028741007194244637,neutral
20180201_AMZN,AMZN,2018-02-01,14,"I -- we'll be giving you guidance quarter by quarter, but I can talk to the general trends in the large investment areas.",0.028741007194244637,neutral
20180201_AMZN,AMZN,2018-02-01,15,Let me start with AWS infrastructure and growth in technical and sales teams.,0.028741007194244637,neutral
20180201_AMZN,AMZN,2018-02-01,16,"We're in a $20 billion run rate in top line revenues for AWS, up from 18% -- excuse me, $18 billion last quarter.",0.028741007194244637,neutral
20180201_AMZN,AMZN,2018-02-01,17,So we're very happy with the -- both the progression in new services and features that we've been able to bring to customers and also their response.,0.028741007194244637,neutral
20180201_AMZN,AMZN,2018-02-01,18,"We'll continue geographic expansion and continuing to, again, build on our tech teams and our sales teams.",0.028741007194244637,neutral
20180201_AMZN,AMZN,2018-02-01,19,So that would -- that expense is going to continue and likely increase.,0.028741007194244637,neutral
20180201_AMZN,AMZN,2018-02-01,20,Prime benefits will continue to increase as well.,0.028741007194244637,neutral
20180201_AMZN,AMZN,2018-02-01,21,"Prime Now -- excuse me, Prime Video, Prime Now, AmazonFresh, all of our major Prime benefits we continue to expand globally.",0.028741007194244637,neutral
20180201_AMZN,AMZN,2018-02-01,22,"Devices, as Jeff said in the press release, we are very happy with the results of Alexa.",0.028741007194244637,neutral
20180201_AMZN,AMZN,2018-02-01,23,"It's a very positive surprise for us, both on a -- adding a little bit more to that, we had record device sales, we had very high levels of customer engagement, including increased levels of voice shopping, growth in functionality, growth in our partner -- partners we work with.",0.028741007194244637,neutral
20180201_AMZN,AMZN,2018-02-01,24,"Skills there, we've increased rapidly.",0.028741007194244637,neutral
20180201_AMZN,AMZN,2018-02-01,25,"We're over 30,000 skills for Alexa.",0.028741007194244637,neutral
20180201_AMZN,AMZN,2018-02-01,26,"We've got 4,000-plus smart home devices from 1,200 unique brands.",0.028741007194244637,neutral
20180201_AMZN,AMZN,2018-02-01,27,So the -- the relationships we're having with external companies is actually helping to accelerate the adoption of Alexa with customers.,0.028741007194244637,neutral
20180201_AMZN,AMZN,2018-02-01,28,"So really strong usage of -- excuse me, Alexa with our devices.",0.028741007194244637,neutral
20180201_AMZN,AMZN,2018-02-01,29,"Obviously, Echo, Echo Show and the Echo family all directly tied to Alexa, but also Fire TV and tablets.",0.028741007194244637,neutral
20180201_AMZN,AMZN,2018-02-01,30,And we're seeing more and more engagement.,0.028741007194244637,neutral
20180201_AMZN,AMZN,2018-02-01,31,Alexa usage on Fire TV is up 9x year-over-year.,0.028741007194244637,neutral
20180201_AMZN,AMZN,2018-02-01,32,Music listening time on Alexa was 3x higher this holiday season.,0.028741007194244637,neutral
20180201_AMZN,AMZN,2018-02-01,33,So that's what we mean when we said far exceeding our expectations.,0.028741007194244637,neutral
20180201_AMZN,AMZN,2018-02-01,34,Those are the things I would point to.,0.028741007194244637,neutral
20180201_AMZN,AMZN,2018-02-01,35,"And that is an area, again, where we'll continue to invest heavily and as we say, double down on that.",0.028741007194244637,neutral
20180201_AMZN,AMZN,2018-02-01,36,"Fulfillment, again, is -- fulfillment capacity, especially to fuel the strong top line growth and growth in Amazon fulfilled units, which, again, is growing much quicker than our unit growth rate, we expect that and hope that to continue as well into 2018.",0.028741007194244637,neutral
20180201_AMZN,AMZN,2018-02-01,37,"Video content, we spoke about on the last call, we do like the results we're seeing with engagement on customers, their buying habits, their engagement with the video content, their use of it on devices.",0.028741007194244637,neutral
20180201_AMZN,AMZN,2018-02-01,38,And we will continue to increase our budget in that area.,0.028741007194244637,neutral
20180201_AMZN,AMZN,2018-02-01,39,"But I'll be release -- yes, I'll incorporate that into the guidance each quarter as we move through the year.",0.028741007194244637,neutral
20180201_AMZN,AMZN,2018-02-01,40,Let me start with that last one.,0.028741007194244637,neutral
20180201_AMZN,AMZN,2018-02-01,41,"Yes, shipping costs are going to be very tied to AFN unit growth and also the impact of greater Prime adoption and faster shipping methods.",0.028741007194244637,neutral
20180201_AMZN,AMZN,2018-02-01,42,"So yes, we consider that a very strong quarter, down sequentially in the growth that we've seen recently.",0.028741007194244637,neutral
20180201_AMZN,AMZN,2018-02-01,43,That will fluctuate quarter to quarter.,0.028741007194244637,neutral
20180201_AMZN,AMZN,2018-02-01,44,"Again, it was a very strong operational quarter in Q4, and we've expanded the number of items that shipped free.",0.028741007194244637,neutral
20180201_AMZN,AMZN,2018-02-01,45,We're now over 100 million items in the U.S.,0.028741007194244637,neutral
20180201_AMZN,AMZN,2018-02-01,46,"So yes, shipping cost is always going to be a strong part of our offering, and we're -- it's going to be increasing due to our business model.",0.028741007194244637,neutral
20180201_AMZN,AMZN,2018-02-01,47,"And we, at the same time, look to minimize the cost by getting more and more efficient in that area.",0.028741007194244637,neutral
20180201_AMZN,AMZN,2018-02-01,48,"AWS, yes, if you remember last year, we did have price increases in December of last year towards the end.",0.028741007194244637,neutral
20180201_AMZN,AMZN,2018-02-01,49,So it had a partial impact on the quarter.,0.028741007194244637,neutral
20180201_AMZN,AMZN,2018-02-01,50,"But generally, just strong usage growth.",0.028741007194244637,neutral
20180201_AMZN,AMZN,2018-02-01,51,"Usage growth continues to be strong, growing at a higher rate than our revenue growth rate and customers continue to add workloads and expand.",0.028741007194244637,neutral
20180201_AMZN,AMZN,2018-02-01,52,"And as I said, we're adding new services and features all the time, over 1,400 in 2017 alone.",0.028741007194244637,neutral
20180201_AMZN,AMZN,2018-02-01,53,"So it's a number of factors, I would say.",0.028741007194244637,neutral
20180201_AMZN,AMZN,2018-02-01,54,"It's not as simple as lapping a cost there -- excuse me, a price decrease last year, but very happy with the performance in -- of the AWS business.",0.028741007194244637,neutral
20180201_AMZN,AMZN,2018-02-01,55,Now over a $20 billion run rate.,0.028741007194244637,neutral
20180201_AMZN,AMZN,2018-02-01,56,"So yes, the operating income guidance is $300 million to $1 billion.",0.028741007194244637,neutral
20180201_AMZN,AMZN,2018-02-01,57,Operating income last year was $1 billion.,0.028741007194244637,neutral
20180201_AMZN,AMZN,2018-02-01,58,"Q1 is generally when we see the volume drop off from Q4, obviously, but a lot of the costs remain from the year-over-year buildup in costs, particularly in the fulfillment network.",0.028741007194244637,neutral
20180201_AMZN,AMZN,2018-02-01,59,So it's generally a headwind every Q1.,0.028741007194244637,neutral
20180201_AMZN,AMZN,2018-02-01,60,"It's -- given the 30%-plus growth in square footage last year that we've built, that's one major headwind from Q4 to Q1.",0.028741007194244637,neutral
20180201_AMZN,AMZN,2018-02-01,61,"But we also continue to invest, particularly in Alexa and our device area.",0.028741007194244637,neutral
20180201_AMZN,AMZN,2018-02-01,62,"As I mentioned in a number of comments earlier, we're very happy with the results, the customer adoption, the device sales that we're seeing and the general customer acceptance there.",0.028741007194244637,neutral
20180201_AMZN,AMZN,2018-02-01,63,So we will continue to invest there.,0.028741007194244637,neutral
20180201_AMZN,AMZN,2018-02-01,64,"Those are probably the 2 largest factors in Q1, I would say.",0.028741007194244637,neutral
20180201_AMZN,AMZN,2018-02-01,65,"And on advertising, I would say our strategy is to make the customer experience additive by the ad process.",0.028741007194244637,neutral
20180201_AMZN,AMZN,2018-02-01,66,We want customers to be able to see new brands and have easier time discovering products that they're looking for.,0.028741007194244637,neutral
20180201_AMZN,AMZN,2018-02-01,67,"For brands, we think the value proposition is that we can find ways for them, especially emerging brands, to reach new customers.",0.028741007194244637,neutral
20180201_AMZN,AMZN,2018-02-01,68,"So we're working with advertisers of all types and sizes to help them reach our customer base and the goal of driving brand awareness, discovery and better purchase decisions by the customer.",0.028741007194244637,neutral
20180201_AMZN,AMZN,2018-02-01,69,Let me start with the Whole Foods question.,0.028741007194244637,neutral
20180201_AMZN,AMZN,2018-02-01,70,We're continuing to be very excited about the opportunities we have to innovate with the Whole Foods and Amazon teams together in our physical stores.,0.028741007194244637,neutral
20180201_AMZN,AMZN,2018-02-01,71,"It states in our supplemental disclosure that physical stores revenue was $4.5 billion in Q4, which is primarily comprised of Whole Foods and was slightly better than what was built into our guidance that I gave you last call.",0.028741007194244637,neutral
20180201_AMZN,AMZN,2018-02-01,72,"So -- so far, our focus has been on continuing to lower prices even beyond the initial ones that we discussed at the close of the deal in late August.",0.028741007194244637,neutral
20180201_AMZN,AMZN,2018-02-01,73,We've launched Whole Foods products on our Amazon website.,0.028741007194244637,neutral
20180201_AMZN,AMZN,2018-02-01,74,And the technical work continues to make Prime the Whole Foods customer rewards program.,0.028741007194244637,neutral
20180201_AMZN,AMZN,2018-02-01,75,And we expect to have more on that later in the year.,0.028741007194244637,neutral
20180201_AMZN,AMZN,2018-02-01,76,We've also added Lockers and much more to come.,0.028741007194244637,neutral
20180201_AMZN,AMZN,2018-02-01,77,So we're very happy with the initial results out of the team in Whole Foods down in Austin.,0.028741007194244637,neutral
20180201_AMZN,AMZN,2018-02-01,78,"Also, I will mention that we did see a small operating income/loss for the quarter from Whole Foods.",0.028741007194244637,neutral
20180201_AMZN,AMZN,2018-02-01,79,"At the time of the acquisition, we had stepped up the fair market value of certain assets on the balance sheet.",0.028741007194244637,neutral
20180201_AMZN,AMZN,2018-02-01,80,This is going to increase the amortization.,0.028741007194244637,neutral
20180201_AMZN,AMZN,2018-02-01,81,"It's a noncash charge, but it will increase the amortization over the useful life.",0.028741007194244637,neutral
20180201_AMZN,AMZN,2018-02-01,82,"And a lot of that is forward front-loaded, so we'll see higher amortization in the first few years and then it reverses later.",0.028741007194244637,neutral
20180201_AMZN,AMZN,2018-02-01,83,"So excluding these noncash expense items, Whole Foods had a positive operating income in Q4, but you'll see in the 10-K that the operating income, including the charges, was slightly negative in Q4.",0.028741007194244637,neutral
20180201_AMZN,AMZN,2018-02-01,84,"International growth, your comment about slowing down, I think there's a slowdown versus Q4 -- 3, if that was your point.",0.028741007194244637,neutral
20180201_AMZN,AMZN,2018-02-01,85,"28% growth in Q3, FX neutral, was helped quite a bit by Prime Day and kind of the strengthening of Prime Day in a number of locales.",0.028741007194244637,neutral
20180201_AMZN,AMZN,2018-02-01,86,"Although we've had Prime Day in most of those countries, it's really starting to gain more and more traction there.",0.028741007194244637,neutral
20180201_AMZN,AMZN,2018-02-01,87,So that is probably more of a help to Q3 than a discussion of any weakness in Q4.,0.028741007194244637,neutral
20180201_AMZN,AMZN,2018-02-01,88,"So we're -- continue to be pursuing the same strategy as we have in North America, adding Prime benefits, adding devices, adding video content, adding AmazonFresh, Prime Now, giving a lot of value to the Prime customers in international countries as well.",0.028741007194244637,neutral
20180201_AMZN,AMZN,2018-02-01,89,And also in that number is India.,0.028741007194244637,neutral
20180201_AMZN,AMZN,2018-02-01,90,And India continues to be a good story for us.,0.028741007194244637,neutral
20180201_AMZN,AMZN,2018-02-01,91,We feel that it's had a lot of growth in the past year.,0.028741007194244637,neutral
20180201_AMZN,AMZN,2018-02-01,92,"In fact, more Prime members joined India's Prime program in the first year than we've seen in any other country in the history of the world, our world.",0.028741007194244637,neutral
20180201_AMZN,AMZN,2018-02-01,93,"So the selection is also increasing Prime eligible selection is up over 25 million items, launching video there and also continuing to add other Prime benefits such as Prime Music will be coming soon.",0.028741007194244637,neutral
20180201_AMZN,AMZN,2018-02-01,94,"As I said, Prime Video, and we had our first Prime Day in India.",0.028741007194244637,neutral
20180201_AMZN,AMZN,2018-02-01,95,So that's a little bit on international growth.,0.028741007194244637,neutral
20180201_AMZN,AMZN,2018-02-01,96,"And on new businesses or expansion of categories, as you discussed, I would not talk to anything that's not been publicly announced, but on some of the ones you mentioned, they are underway and are continuing.",0.028741007194244637,neutral
20180201_AMZN,AMZN,2018-02-01,97,"I would say on logistics, we will continue to build our logistics capability both -- and that will be all the way, too.",0.028741007194244637,neutral
20180201_AMZN,AMZN,2018-02-01,98,"And delivery, we've been able to increase service levels in many cases by delivering it ourselves.",0.028741007194244637,neutral
20180201_AMZN,AMZN,2018-02-01,99,"And although we have a strong partner network here, we will always be able to leverage our strength and our knowledge about where shipments are going, both within our network and to final customers that will create opportunities for us there as we increase or better the customer experience as well.",0.028741007194244637,neutral
20180201_AMZN,AMZN,2018-02-01,100,"We continue -- I would say on the category side, the biggest effort will continue to be on groceries and consumables with the Whole Foods acquisition.",0.028741007194244637,neutral
20180201_AMZN,AMZN,2018-02-01,101,"And again, we continue to look at our whole offering of AmazonFresh, Prime Now, Whole Foods, how can they work together to create better and better offerings for our customer base.",0.028741007194244637,neutral
20180201_AMZN,AMZN,2018-02-01,102,"And to a lesser extent, versus grocery, I would say, we continue to build our business, B2B businesses, and very happy with the initial performance there with a number of the companies and universities that we've been working with and their initial results.",0.028741007194244637,neutral
20180201_AMZN,AMZN,2018-02-01,103,I'm not -- let me just back it to a more general statement.,0.028741007194244637,neutral
20180201_AMZN,AMZN,2018-02-01,104,"I'd say, Whole Foods is not less in their commitment to providing the best selection of high-quality products and having them in stock for customers.",0.028741007194244637,neutral
20180201_AMZN,AMZN,2018-02-01,105,"We made no changes post the acquisition that would have impacted anything related to in-stock, except perhaps the fact that price decreases have brought up demand and there's an amount of rebalancing related to that.",0.028741007194244637,neutral
20180201_AMZN,AMZN,2018-02-01,106,So I think the out-of-stock issues that may be getting press are tied more to the increased demand that we're seeing and also selective weather-related restocking issues.,0.028741007194244637,neutral
20180201_AMZN,AMZN,2018-02-01,107,"But stepping beyond any short-term issues, the commitment is -- remains to have healthy, high-quality selection in stock for products.",0.028741007194244637,neutral
20180201_AMZN,AMZN,2018-02-01,108,That's what the Whole Foods team has committed to.,0.028741007194244637,neutral
20180201_AMZN,AMZN,2018-02-01,109,"That's what the Amazon team, with them, is committed to.",0.028741007194244637,neutral
20180201_AMZN,AMZN,2018-02-01,110,"And also across any delivery channel that we have, AmazonFresh, Prime Now or Whole Foods.",0.028741007194244637,neutral
20180201_AMZN,AMZN,2018-02-01,111,"So where there's issues, they'll be corrected.",0.028741007194244637,neutral
20180201_AMZN,AMZN,2018-02-01,112,"Where there's areas we can improve our selection and delivery for customers, we'll do so.",0.028741007194244637,neutral
20180201_AMZN,AMZN,2018-02-01,113,But it'll be something that we're working on.,0.028741007194244637,neutral
20180201_AMZN,AMZN,2018-02-01,114,"So the immediacy, the perishability are all challenges everyone has in this area, but we're confident that we will have a good service and continue to delight customers.",0.028741007194244637,neutral
20180201_AMZN,AMZN,2018-02-01,115,We see a lot of value in all of our businesses.,0.028741007194244637,neutral
20180201_AMZN,AMZN,2018-02-01,116,And AWS is a key component as is the physical consumer business.,0.028741007194244637,neutral
20180201_AMZN,AMZN,2018-02-01,117,The -- what I'll point out is the management team is a common management team.,0.028741007194244637,neutral
20180201_AMZN,AMZN,2018-02-01,118,"The consumer business, if you will, is, if not the biggest, one of the largest customers of AWS.",0.028741007194244637,neutral
20180201_AMZN,AMZN,2018-02-01,119,So we see a lot of commonality there where we as -- depending on position in the company.,0.028741007194244637,neutral
20180201_AMZN,AMZN,2018-02-01,120,"On the consumer side, the use of AWS has driven great infrastructure efficiencies, just like other companies see when they use AWS, turning fixed cost into variable cost and pooling resources and not having a lot of trapped capacity throughout the company and taking advantage of all the new services and features.",0.028741007194244637,neutral
20180201_AMZN,AMZN,2018-02-01,121,"So as a internal customer, the consumer business is very happy with AWS.",0.028741007194244637,neutral
20180201_AMZN,AMZN,2018-02-01,122,And I think AWS is also very benefited by the fact that they have a large internal beta customer that tries out and uses a lot of their products and services.,0.028741007194244637,neutral
20180201_AMZN,AMZN,2018-02-01,123,"So it's a good combination for a lot of reasons, and we see no reason to change the structure that we have.",0.028741007194244637,neutral
20180201_AMZN,AMZN,2018-02-01,124,I think we're also part of the key lean in from a lot of brands and agencies into the e-commerce marketing space.,0.028741007194244637,neutral
20180201_AMZN,AMZN,2018-02-01,125,"So whether it's our site alongside search or social marketing, it's really helping them engage customers on a high, efficient -- highly efficient manner.",0.028741007194244637,neutral
20180426_AMZN,AMZN,2018-04-26,0,"I would say, advertising continues to be a bright spot, both from a product standpoint, and also, financially.",0.03600885398824744,neutral
20180426_AMZN,AMZN,2018-04-26,1,It was -- continued to be a strong contributor to profitability in Q1.,0.03600885398824744,neutral
20180426_AMZN,AMZN,2018-04-26,2,It's now a multibillion-dollar program.,0.03600885398824744,neutral
20180426_AMZN,AMZN,2018-04-26,3,"You can see the -- in our supplemental revenue disclosure, it's in other revenue, and it's the majority of the other revenue in that line item.",0.03600885398824744,neutral
20180426_AMZN,AMZN,2018-04-26,4,"So we -- our philosophy there, again, is we're continuing to focus on finding valuable ways to make our advertising opportunities better for customers, showing them new products that they may not have seen otherwise, and also for emerging and established brands, helping them to reach customers.",0.03600885398824744,neutral
20180426_AMZN,AMZN,2018-04-26,5,"I think the advertisers, generally, are all shapes and sizes, and their common theme is they want to reach our customers, generally, to drive brand awareness, discovery, and eventually, purchase.",0.03600885398824744,neutral
20180426_AMZN,AMZN,2018-04-26,6,"Before I go on to the second question, I want to make a comment about the Prime program.",0.03600885398824744,neutral
20180426_AMZN,AMZN,2018-04-26,7,"Prime program continues to drive great strength in our top line, as you've seen over the last few years, actually.",0.03600885398824744,neutral
20180426_AMZN,AMZN,2018-04-26,8,"We continue to increase the value of Prime, including speed selection and digital entertainment options.",0.03600885398824744,neutral
20180426_AMZN,AMZN,2018-04-26,9,We've been expanding FREE Same-Day Shipping and 1-day options.,0.03600885398824744,neutral
20180426_AMZN,AMZN,2018-04-26,10,"And our 2-day shipping, it's now available on over 100 million items, up from 20 million as recently as 2014.",0.03600885398824744,neutral
20180426_AMZN,AMZN,2018-04-26,11,"And we continue to add digital benefits, like Prime Video.",0.03600885398824744,neutral
20180426_AMZN,AMZN,2018-04-26,12,The value of Prime to customers has never been greater.,0.03600885398824744,neutral
20180426_AMZN,AMZN,2018-04-26,13,"As we pointed out especially with shipping options and digital benefits, we continue to see rises in costs.",0.03600885398824744,neutral
20180426_AMZN,AMZN,2018-04-26,14,"So effective <UNK> 11, we're going to increase the price of our U.S.",0.03600885398824744,neutral
20180426_AMZN,AMZN,2018-04-26,15,"annual plan from $99 to $119, for new members.",0.03600885398824744,neutral
20180426_AMZN,AMZN,2018-04-26,16,The new price will apply to renewals starting on <UNK>ne 16.,0.03600885398824744,neutral
20180426_AMZN,AMZN,2018-04-26,17,"Prime provides a unique combination of benefits, and we continue to invest in making this Prime program even more valuable for our members.",0.03600885398824744,neutral
20180426_AMZN,AMZN,2018-04-26,18,"As a reminder, we haven't increased the U.S.",0.03600885398824744,neutral
20180426_AMZN,AMZN,2018-04-26,19,"annual price Prime since our single increase, which was in March of 2014.",0.03600885398824744,neutral
20180426_AMZN,AMZN,2018-04-26,20,"On your first question about Prime penetration, without getting into any statistics on penetration and by country, I would say we do have other options for, if you'll notice, there's the monthly option, obviously provides more flexibility for people who want to try out Prime before committing to the annual plan.",0.03600885398824744,neutral
20180426_AMZN,AMZN,2018-04-26,21,There's discounted student plans.,0.03600885398824744,neutral
20180426_AMZN,AMZN,2018-04-26,22,There's also discounts for other groups.,0.03600885398824744,neutral
20180426_AMZN,AMZN,2018-04-26,23,"So we do feel it's still the best deal in retail, and we just work to make it better and better each day.",0.03600885398824744,neutral
20180426_AMZN,AMZN,2018-04-26,24,The second thing you mentioned is a good example.,0.03600885398824744,neutral
20180426_AMZN,AMZN,2018-04-26,25,So the ability in 10 cities to get Prime Now deliveries of Whole Foods groceries is an added benefit for people in that market using Prime -- those markets using Prime Now.,0.03600885398824744,neutral
20180426_AMZN,AMZN,2018-04-26,26,"So as far as the Whole Foods, specifically on the question of what'll -- what we'll look at as far as expanding that grocery delivery, we're going to use the 10 cities as a test and see how customers respond, just like we always do, and make sure that our deliveries are great for those people, and then we'll announce expansion plans once we digest that, the feedback we get from customers.",0.03600885398824744,neutral
20180426_AMZN,AMZN,2018-04-26,27,"So first, with the -- you've mentioned North America revenue growth, and you can calculate that with and without the impact of Whole Foods, I'm sure, but the general drivers continues to be Prime and the Prime Flywheel, so we see strong customer demand, not only for the benefits that we associate with Prime, we're seeing better engagement with Prime Benefits, especially Digital and Benefits, and that is always good news for eventual sales of other things.",0.03600885398824744,neutral
20180426_AMZN,AMZN,2018-04-26,28,"We're also selling more subscriptions, Amazon Music Unlimited, multiple -- Kindle Unlimited, there's a number of services.",0.03600885398824744,neutral
20180426_AMZN,AMZN,2018-04-26,29,So there's different revenue streams that we see.,0.03600885398824744,neutral
20180426_AMZN,AMZN,2018-04-26,30,So not much more I can add by product line to North America.,0.03600885398824744,neutral
20180426_AMZN,AMZN,2018-04-26,31,"Now I talk about AWS revenue, again, we're -- we are accelerating.",0.03600885398824744,neutral
20180426_AMZN,AMZN,2018-04-26,32,We've accelerated for the last 2 quarters.,0.03600885398824744,neutral
20180426_AMZN,AMZN,2018-04-26,33,"The FX-neutral growth was 48% in Q1, up from 44% on the same basis in Q4 and 42% in Q3.",0.03600885398824744,neutral
20180426_AMZN,AMZN,2018-04-26,34,And now nearly a $22 billion run rate.,0.03600885398824744,neutral
20180426_AMZN,AMZN,2018-04-26,35,"So what we're seeing is just continued strong usage, both by existing customers and signing new customers for -- see an increased pace of enterprise migrations as customers are having success with AWS and increasingly trying new services.",0.03600885398824744,neutral
20180426_AMZN,AMZN,2018-04-26,36,We are seeing people move more and more of their workloads to AWS and at a faster pace.,0.03600885398824744,neutral
20180426_AMZN,AMZN,2018-04-26,37,And customers are moving databases to AWS as their work continues to grow at a very rapid clip.,0.03600885398824744,neutral
20180426_AMZN,AMZN,2018-04-26,38,"So stepping back, I would say, what is driving the growth, we believe, again, it's the value that we create for AWS customers.",0.03600885398824744,neutral
20180426_AMZN,AMZN,2018-04-26,39,We have the functionality and pace of innovation that others don't.,0.03600885398824744,neutral
20180426_AMZN,AMZN,2018-04-26,40,"We have partner and ecosystem that others don't, and we have proven operational capability and security expertise that's highly valued to AWS customer base.",0.03600885398824744,neutral
20180426_AMZN,AMZN,2018-04-26,41,"And on the question on capacity, excuse me, cap -- I'll address this CapEx and capital leases, we're still seeing strong investment there.",0.03600885398824744,neutral
20180426_AMZN,AMZN,2018-04-26,42,"If I look at the quarterly trends, you're right that this quarter was up 33% in isolation versus last year.",0.03600885398824744,neutral
20180426_AMZN,AMZN,2018-04-26,43,I look back to last year's first quarter and we grew 82% year-over-year.,0.03600885398824744,neutral
20180426_AMZN,AMZN,2018-04-26,44,"So it was a particularly heavy quarter, particularly for investment and warehouses.",0.03600885398824744,neutral
20180426_AMZN,AMZN,2018-04-26,45,"So if I step back on the trailing 12 months though, CapEx, which is predominantly tied to our fulfillment center network, is up 47%.",0.03600885398824744,neutral
20180426_AMZN,AMZN,2018-04-26,46,"That is above the Amazon fulfilled unit growth rate, but we've combined the strength of the FBA program and the space requirements as we -- get into bigger and bigger products.",0.03600885398824744,neutral
20180426_AMZN,AMZN,2018-04-26,47,That -- it's a representative number for that period.,0.03600885398824744,neutral
20180426_AMZN,AMZN,2018-04-26,48,"On the capital leases, which is a good proxy for the spend to support the AWS business, that's up 49% year-over-year on the trailing 12 months.",0.03600885398824744,neutral
20180426_AMZN,AMZN,2018-04-26,49,"So again, usage rates continue to exceed the revenue growth rates.",0.03600885398824744,neutral
20180426_AMZN,AMZN,2018-04-26,50,"Usage rates are strong, but we also have a number of projects underway that seek to increase our efficiency of our data centers.",0.03600885398824744,neutral
20180426_AMZN,AMZN,2018-04-26,51,"So there's a couple of things at play there that, hopefully, keep that number closer to the revenue growth rate.",0.03600885398824744,neutral
20180426_AMZN,AMZN,2018-04-26,52,"Yes, we came in well above our range that we had given of $300 million to $1 billion.",0.03600885398824744,neutral
20180426_AMZN,AMZN,2018-04-26,53,I would attribute it primarily to a few things.,0.03600885398824744,neutral
20180426_AMZN,AMZN,2018-04-26,54,"First, the top line growth was -- continued to be strong coming out of Q4.",0.03600885398824744,neutral
20180426_AMZN,AMZN,2018-04-26,55,We had great consumer business strength.,0.03600885398824744,neutral
20180426_AMZN,AMZN,2018-04-26,56,"We also had strong AWS revenue strength, where I already mentioned that we accelerated into the quarter, which is a different trend than we've seen recently.",0.03600885398824744,neutral
20180426_AMZN,AMZN,2018-04-26,57,So customer adoption and AWS remained strong.,0.03600885398824744,neutral
20180426_AMZN,AMZN,2018-04-26,58,"And when we hit the higher end of our range or just above our range on -- with FX included, we generally see really good drop through on the incremental sales, given our -- the fixed costs we have in fulfillment centers and data centers, and quite frankly, people.",0.03600885398824744,neutral
20180426_AMZN,AMZN,2018-04-26,59,"So we saw great efficiencies at the higher level of revenue, and we're able to handle it.",0.03600885398824744,neutral
20180426_AMZN,AMZN,2018-04-26,60,So that was generally very good financially.,0.03600885398824744,neutral
20180426_AMZN,AMZN,2018-04-26,61,"We -- at the time of guidance, we were concerned a bit about the high -- relatively high inventory we had at year-end in space utilizations.",0.03600885398824744,neutral
20180426_AMZN,AMZN,2018-04-26,62,We were still very full in our fulfillment centers.,0.03600885398824744,neutral
20180426_AMZN,AMZN,2018-04-26,63,But we were able to correct that due to the high sales without handling -- without having additional handling and transportation cost that you would normally see to reconfigure inventory locations.,0.03600885398824744,neutral
20180426_AMZN,AMZN,2018-04-26,64,So that also helped and probably was a differential versus the guidance estimate.,0.03600885398824744,neutral
20180426_AMZN,AMZN,2018-04-26,65,"And then, lastly, I would say, advertising continues to be a strong contributor to profitability and had strong results this quarter.",0.03600885398824744,neutral
20180426_AMZN,AMZN,2018-04-26,66,"As far as what that portends for future quarters, for now, I want to focus on Q2 and it's incorporated into our Q2 guidance.",0.03600885398824744,neutral
20180426_AMZN,AMZN,2018-04-26,67,"So we expect a lot of the strength areas to continue, consumer demand, AWS and advertising.",0.03600885398824744,neutral
20180426_AMZN,AMZN,2018-04-26,68,We will definitely see higher investments as we move through the year.,0.03600885398824744,neutral
20180426_AMZN,AMZN,2018-04-26,69,"For example, video content spend will increase year-over-year, and we'll continue to hire, in particular, software engineers.",0.03600885398824744,neutral
20180426_AMZN,AMZN,2018-04-26,70,We'll have some cost in Q2 ahead of what's anticipated to be a Prime Day in early Q3.,0.03600885398824744,neutral
20180426_AMZN,AMZN,2018-04-26,71,"So -- and then as you know, Q3 is generally a lower quarter due to all the work to get ready for holiday and the hiring of people and building teams.",0.03600885398824744,neutral
20180426_AMZN,AMZN,2018-04-26,72,"So I won't go beyond Q2 at this point, but again, we're very happy with customer reception we had in Q1, and then, the income that that drove.",0.03600885398824744,neutral
20180426_AMZN,AMZN,2018-04-26,73,"Let me wax eloquently, try to anyway.",0.03600885398824744,neutral
20180426_AMZN,AMZN,2018-04-26,74,"So let's start with the $239 million, that is essentially where attributable to warrants that we have in companies that we've partnered with.",0.03600885398824744,neutral
20180426_AMZN,AMZN,2018-04-26,75,We have transportation companies that we've partnered with and other technology companies.,0.03600885398824744,neutral
20180426_AMZN,AMZN,2018-04-26,76,"As the stock market increased in Q1, a lot of those companies also went up.",0.03600885398824744,neutral
20180426_AMZN,AMZN,2018-04-26,77,So that's where we book the gain on warrants that we have with -- on investments.,0.03600885398824744,neutral
20180426_AMZN,AMZN,2018-04-26,78,It's also -- there was a good bit of FX gain due to the shift in currency and the weakening of the dollar.,0.03600885398824744,neutral
20180426_AMZN,AMZN,2018-04-26,79,"That showed up on a lot of lines on the P&L, but that one was positive.",0.03600885398824744,neutral
20180426_AMZN,AMZN,2018-04-26,80,"On advertising, so let's step back a bit.",0.03600885398824744,neutral
20180426_AMZN,AMZN,2018-04-26,81,It's now a multibillion-dollar program and growing very quickly.,0.03600885398824744,neutral
20180426_AMZN,AMZN,2018-04-26,82,Our main goal here is to help customers discover new brands and products.,0.03600885398824744,neutral
20180426_AMZN,AMZN,2018-04-26,83,"So when we show sponsored products, we're trying to show people things that they had -- maybe wouldn't have seen otherwise in their normal search results.",0.03600885398824744,neutral
20180426_AMZN,AMZN,2018-04-26,84,"So we're looking for a good balance here, as we said.",0.03600885398824744,neutral
20180426_AMZN,AMZN,2018-04-26,85,"We want customers to get the benefit of the new brand and product discovery, and then, we want to let sellers, for both emerging and established brands, reach those customers.",0.03600885398824744,neutral
20180426_AMZN,AMZN,2018-04-26,86,"Those advertisers are all shapes and sizes with the main goal of, again, trying to reach our customers whether it's to drive brand awareness, discovery or hopefully, purchase.",0.03600885398824744,neutral
20180426_AMZN,AMZN,2018-04-26,87,So we take the responsibility for that very seriously and are always balancing the helpfulness of the advertising and try not to make it disruptive.,0.03600885398824744,neutral
20180426_AMZN,AMZN,2018-04-26,88,"But you're right, there are always pressures in that we will come down on the side of the customer.",0.03600885398824744,neutral
20180426_AMZN,AMZN,2018-04-26,89,"On your question on video advertising, yes, there may be opportunities over time to have more advertising in our Video, but we choose to not do that right now.",0.03600885398824744,neutral
20180426_AMZN,AMZN,2018-04-26,90,"<UNK>, if you're still on, can you elaborate on the countries you're talking about, specifically.",0.03600885398824744,neutral
20180426_AMZN,AMZN,2018-04-26,91,"Sorry, I thought you meant to some of our expansion countries.",0.03600885398824744,neutral
20180426_AMZN,AMZN,2018-04-26,92,"So yes, I don't have a lot to share on that today, but I think you hit on the main point, is selection and opportunities for sellers in -- who are with us in different countries to reach buyers outside of their home country.",0.03600885398824744,neutral
20180426_AMZN,AMZN,2018-04-26,93,"So it's a great benefit for sellers, and it only works if it's a great benefit for customers on the other side.",0.03600885398824744,neutral
20180426_AMZN,AMZN,2018-04-26,94,Let me start with transportation.,0.03600885398824744,neutral
20180426_AMZN,AMZN,2018-04-26,95,"We have a great group of carriers that we use globally and you know who they are, but we're also growing our teams and capabilities to ensure that we can keep up with increased volume on our own, particularly around the holiday season.",0.03600885398824744,neutral
20180426_AMZN,AMZN,2018-04-26,96,"So that's driven a lot of our expansion of Amazon Logistics, it's driven the creation of sort centers, it's driven the purchase of airplanes to move product between points within our delivery network.",0.03600885398824744,neutral
20180426_AMZN,AMZN,2018-04-26,97,So we will continue to operate with this combination of external partners and internal capability.,0.03600885398824744,neutral
20180426_AMZN,AMZN,2018-04-26,98,We like what we see so far with our Amazon Logistics capability.,0.03600885398824744,neutral
20180426_AMZN,AMZN,2018-04-26,99,"It's well over 50% in some countries, particularly the U.K.",0.03600885398824744,neutral
20180426_AMZN,AMZN,2018-04-26,100,"It helps with, again, Prime Now and AmazonFresh and a lot of initiatives that we'll see, which again, we've mentioned that Prime Now is tied in with Whole Foods, now in 10 cities.",0.03600885398824744,neutral
20180426_AMZN,AMZN,2018-04-26,101,"So we think it's a core competency that we have and we need to have, and we'll continue to invest in that.",0.03600885398824744,neutral
20180426_AMZN,AMZN,2018-04-26,102,"We always evaluate the price of Prime in all the countries we're in, and we're looking for creative ways to reach the customer, as I mentioned earlier, create -- or excuse me, monthly plans, student plans, et cetera.",0.03600885398824744,neutral
20180426_AMZN,AMZN,2018-04-26,103,"So it's really nothing more than looking at the state of the program, the high benefit it's delivering.",0.03600885398824744,neutral
20180426_AMZN,AMZN,2018-04-26,104,"I mentioned that 4 years ago, when we last increased the price of Prime, if you get 20 million products within 2 days, today you can get over 100 million products within 2 days, and many, many, many, products within 1 day, same day, or 2 hours.",0.03600885398824744,neutral
20180426_AMZN,AMZN,2018-04-26,105,So there's all kinds of new features that we've continually added to the Prime program.,0.03600885398824744,neutral
20180426_AMZN,AMZN,2018-04-26,106,It's much different than it was in 2014.,0.03600885398824744,neutral
20180426_AMZN,AMZN,2018-04-26,107,"This is a reflection of that, that's a better reflection of the cost value of the program.",0.03600885398824744,neutral
20180426_AMZN,AMZN,2018-04-26,108,"Yes, I don't want to project relative proportions of the different segments, but what I can say is, that international continues to see the same level of investment as we're seeing in North America or have seen in North America.",0.03600885398824744,neutral
20180426_AMZN,AMZN,2018-04-26,109,"So when we add Benefits, Prime Benefits, we're probably adding them at an earlier stage of life in the Prime program internationally than we did in the U.S.",0.03600885398824744,neutral
20180426_AMZN,AMZN,2018-04-26,110,So they have different dynamics.,0.03600885398824744,neutral
20180426_AMZN,AMZN,2018-04-26,111,"We think, at the end of the day, customers behave the same globally, and that they value low prices, selection and great customer experience.",0.03600885398824744,neutral
20180426_AMZN,AMZN,2018-04-26,112,So we'll continue to make these investments in Prime.,0.03600885398824744,neutral
20180426_AMZN,AMZN,2018-04-26,113,"We'll continue to expand selection, continue to build FBA programs so that it increases selection even more and build great partnerships with sellers.",0.03600885398824744,neutral
20180426_AMZN,AMZN,2018-04-26,114,We'll continue to accelerate shipping.,0.03600885398824744,neutral
20180426_AMZN,AMZN,2018-04-26,115,We'll continue to lower prices.,0.03600885398824744,neutral
20180426_AMZN,AMZN,2018-04-26,116,"And sorry, I cut out -- the last person got cut off a bit.",0.03600885398824744,neutral
20180426_AMZN,AMZN,2018-04-26,117,"We'll continue to build device business globally including Alexa, which we think has great stickiness with -- in the home and I think creates a lot of value in the home and also allows you to access, over time, Amazon products better.",0.03600885398824744,neutral
20180426_AMZN,AMZN,2018-04-26,118,"We'll continue to invest in India where we're seeing great progress with both sellers, and also, customers.",0.03600885398824744,neutral
20180426_AMZN,AMZN,2018-04-26,119,And we like the momentum we've seen there.,0.03600885398824744,neutral
20180426_AMZN,AMZN,2018-04-26,120,"The Prime program started in the first year in India, grew faster than any Prime -- excuse me, any Prime program we had seen in other countries.",0.03600885398824744,neutral
20180426_AMZN,AMZN,2018-04-26,121,"We're adding local content in India -- video content, excuse me.",0.03600885398824744,neutral
20180426_AMZN,AMZN,2018-04-26,122,"We're also adding other benefits, Prime Benefits.",0.03600885398824744,neutral
20180426_AMZN,AMZN,2018-04-26,123,"We are rolling out devices there, and we're seeing Indian developers developing skills for Alexa, and Alexa's up -- as you saw the press release, to 40,000 skills (technical difficulty) But it's -- it is important to us that they all are still delighting customers and growing to the best of their ability.",0.03600885398824744,neutral
